Title,Brand,ASIN,Thumbnail,Price,Rating,Display Size,operating_system,ram,disk_size,Reviews,Link
"Mavark Dell Pro Max 18 Plus Mobile Workstation Laptop Ultra 9 285HX vPro RTX PRO 5000 24GB GDDR7 18"" QHD+ Display 5G LTE 128GB RAM 32TB SSD Win 11 Pro",Mavark,B0FZ5VYS24,https://m.media-amazon.com/images/I/618uTk39ETL._AC_UY218_.jpg,"$14,999.00 ",,18 inches,Windows 11 Pro,-,32 TB,,https://www.amazon.com/Mavark-Mobile-Workstation-285HX-Display/dp/B0FZ5VYS24/
"Mavark Alienware 18 Area-51 Gaming Laptop Ultra 9 275HX GeForce RTX 5090 18"" WQXGA 300Hz 3ms Display G-SYNC Per-Key AlienFX RGB Lighting Wi-Fi 7 Win 11 Pro 24TB SSD 96GB RAM",Mavark,B0FY725M5R,https://m.media-amazon.com/images/I/71sS41Ho90L._AC_UY218_.jpg,"$12,999.00 ",,18 inches,Windows 11 Pro,-,24 TB,,https://www.amazon.com/Mavark-Alienware-Area-51-GeForce-Lighting/dp/B0FY725M5R/
"Mavark Lenovo ThinkPad P16 Gen 3 Mobile Workstation – Core Ultra 9 285HX vPro, 18TB SSD 192GB RAM 16″ 3.2K OLED Touch RTX 5000 Ada Pro Windows 11 Pro",Mavark,B0G52VZBJ2,https://m.media-amazon.com/images/I/71zzzwVCEXL._AC_UY218_.jpg,"$11,999.00 ",,16 inches,Windows 11 Pro,-,18 TB,,https://www.amazon.com/Mavark-Lenovo-ThinkPad-Mobile-Workstation/dp/B0G52VZBJ2/
"Lenovo ThinkPad P17 Gen 2 Home & Business Laptop (Intel i7-11800H 8-Core, 16GB RAM, 2x4TB PCIe SSD RAID 0 (8TB), RTX A2000, 17.3"" 60Hz Full HD (1920x1080), Win 11 Pro) with Hub",Lenovo,B0BG57VQ6V,https://m.media-amazon.com/images/I/81FTFyqo0RL._AC_UY218_.jpg,"$9,999.99 ",,17.3 inches,Windows 11 Pro,16 GB,8 TB,,https://www.amazon.com/Lenovo-ThinkPad-Business-i7-11800H-1920x1080/dp/B0BG57VQ6V/
"[2026] MSI Titan 18 HX Dragon Edition Norse Myth A2XWIG-442US Pro Extreme (Intel Ultra 9 285HX, 128GB RAM, 4TB Gen5 + 16TB Gen4 NVMe SSD, RTX 5080, 18"" UHD+ Mini LED, Windows 11 Pro) Gaming Laptop",[2026],B0GHRLM1TZ,https://m.media-amazon.com/images/I/71EOhAMuGYL._AC_UY218_.jpg,"$9,889.00 ",,18 inches,Windows 11 Pro,128 GB,20 TB,,https://www.amazon.com/Titan-Dragon-Norse-Myth-A2XWIG-442US/dp/B0GHRLM1TZ/
"Lenovo Legion Pro 7i Gen 10 16"" Gaming Laptop - Intel 24-Core Ultra 9 275HX, RTX 5080 16GB GDDR7, 16.0"" WQXGA OLED 500nits 240Hz, Wi-Fi 7, Win 11 Pro, w/Office Lifetime & Bundle(32GB RAM | 1TB SSD)",Lenovo,B0CG69MXZD,https://m.media-amazon.com/images/I/71aYDrY9pfL._AC_UY218_.jpg,"$9,199.98 ",5,16 inches,Windows 11 Pro,12,1 TB,1,https://www.amazon.com/Lenovo-IdeaPad-3i-Laptop-Touchscreen/dp/B0CG69MXZD/
"msi Titan AI Gaming Laptop 18"" 120Hz Mini LED 4K Display (Intel Ultra 9-285HX, GeForce RTX 5090 24GB, 64GB DDR5, 2x8TB PCIe SSD (16TB), Per Key RGB KB, Win 11 Pro) w/USB-C Dock",msi,B0FCM6RZQ9,https://m.media-amazon.com/images/I/61xjUAXxtkL._AC_UY218_.jpg,"$8,999.00 ",5,18 inches,Windows 11 Pro,64 GB,16 TB,1,https://www.amazon.com/msi-Gaming-Display-9-285HX-GeForce/dp/B0FCM6RZQ9/
"MSI Titan 18 HX AI A2XWJG-640CA 18"" UHD+ 120Hz Mini LED Gaming Laptop, Intel® Core™ Ultra 9-285HX, RTX 5090, 64GB DDR5 Memory, 2TB Gen5+ 2TB Gen4*2 NVMe SSD, Cherry Mechanical RGB KB, Win 11 Pro",MSI,B0FG46YVYP,https://m.media-amazon.com/images/I/71rzJZMnTvL._AC_UY218_.jpg,"$8,899.00 ",,18 inches,Windows 11 Pro,-,6 TB,,https://www.amazon.com/Titan-18-HX-AI-A2XWJG-640CA/dp/B0FG46YVYP/
"ASUS ROG Strix Scar AI Gaming Laptop 18"" 240Hz Mini LED WQXGA Display (Intel Ultra 9-275HX, GeForce RTX 5090 24GB, 64GB DDR5, 2x8TB PCIe SSD (16TB), RGB KB, Win 11 Pro) w/USB-C Dock",ASUS,B0FCM6YNZ6,https://m.media-amazon.com/images/I/61X4XG7wuDL._AC_UY218_.jpg,"$8,174.99 ",,18.00 inches,Windows 11 Pro,64 GB,16 TB,,https://www.amazon.com/ASUS-Gaming-Display-9-275HX-GeForce/dp/B0FCM6YNZ6/
"ASUS ROG Strix Scar AI Gaming Laptop 18"" 240Hz Mini LED WQXGA Display (Intel Ultra 9-275HX, GeForce RTX 5090 24GB, 64GB DDR5, Win 11 Pro) w/MS 365 Personal, DKZ USB Port Expander",ASUS,B0FCFY5KF5,https://m.media-amazon.com/images/I/71lwZswOu9L._AC_UY218_.jpg,"$8,094.99 ",,18.00 inches,Windows 11 Pro,64 GB,16 TB,,https://www.amazon.com/ASUS-Display-9-275HX-Personal-Expander/dp/B0FCFY5KF5/
"ASUS ROG Strix Scar 18 AI Gaming Laptop 18"" 240Hz Mini LED WQXGA Display (Intel Ultra 9-275HX, GeForce RTX 5090 24GB, 64GB DDR5, 2x8TB PCIe SSD (16TB), RGB KB, Win 11 Pro) w/DKZ USB Port Expander",ASUS,B0FCDNW19N,https://m.media-amazon.com/images/I/61hjeGTuqOL._AC_UY218_.jpg,"$8,019.99 ",,18 inches,Windows 11 Pro,64 GB,0 GB,,https://www.amazon.com/ASUS-Display-9-275HX-GeForce-Expander/dp/B0FCDNW19N/
"EXCaliberPC [2025] MSI Titan 18 HX AI A2XWIG-616US (Intel Core Ultra 9 285HX, 128GB RAM, 2TB Gen5 + 16TB WD Gen4 SSD, NVIDIA GeForce RTX 5080, 18"" UHD+ Mini LED, Windows 11 Pro) Gaming Laptop",EXCaliberPC,B0G2T4TG87,https://m.media-amazon.com/images/I/61Zh-U-cz2L._AC_UY218_.jpg,"$7,899.00 ",,18 inches,Windows 11 Pro,128 GB,18 TB,,https://www.amazon.com/EXCaliberPC-MSI-Titan-18-A2XWIG-616US/dp/B0G2T4TG87/
"ASUS ROG Strix Scar 18 AI Gaming Laptop 18"" 240Hz Mini LED WQXGA Display (Intel Ultra 9-275HX, GeForce RTX 5090 24GB, 32GB DDR5, 2x8TB PCIe SSD (16TB), RGB KB, Win 11 Pro) w/DKZ USB Port Expander",ASUS,B0FCDLVZ4F,https://m.media-amazon.com/images/I/61hjeGTuqOL._AC_UY218_.jpg,"$7,659.99 ",,18 inches,Windows 11 Pro,32 GB,0 GB,,https://www.amazon.com/ASUS-Display-9-275HX-GeForce-Expander/dp/B0FCDLVZ4F/
"EXCaliberPC [2025] MSI Raider 18 HX AI A2XWJG-452US (Intel Core Ultra 9 285HX, 96GB RAM, 16TB WD NVMe SSD, NVIDIA GeForce RTX 5090, 18"" QHD+ 240Hz, Windows 11) Gaming Laptop",EXCaliberPC,B0FZKSZ52K,https://m.media-amazon.com/images/I/61ZuP2JMlLL._AC_UY218_.jpg,"$7,649.00 ",,18 inches,Windows 11 Home,-,16 TB,,https://www.amazon.com/EXCaliberPC-MSI-Raider-18-A2XWJG-452US/dp/B0FZKSZ52K/
"EXCaliberPC [2025] ASUS ROG Strix Scar 16 G635LX-XS97 (Intel Core Ultra 9 275HX, 64GB DDR5 RAM, 16TB WD NVMe SSD, NVIDIA GeForce RTX 5090, 16"" 240Hz Mini LED, Windows 11 Pro) Gaming Laptop",EXCaliberPC,B0F8Q38PMM,https://m.media-amazon.com/images/I/61Gik2-LpRL._AC_UY218_.jpg,"$7,599.00 ",,16 inches,Windows 11 Pro,-,16 TB,,https://www.amazon.com/EXCaliberPC-ASUS-G635LX-XS97-GeForce-Windows/dp/B0F8Q38PMM/
"Dell Precision 7780 Workstation Laptop (2023) | 17"" 1920x1080 FHD | Core i9-13950HX - 4TB SSD + 1TB SSD Hard Drive - 64GB RAM - Nvidia RTX 4000 Ada | 24 cores @ 5.5 GHz - 12GB GDDR6 Win 11 (Renewed)",Dell,B0DG98B6JP,https://m.media-amazon.com/images/I/81gmtwhHayL._AC_UY218_.jpg,"$7,399.00 ",,17 inches,-,64 GB,-,,https://www.amazon.com/Dell-Precision-7780-Workstation-Laptop/dp/B0DG98B6JP/
"EXCaliberPC [2025] MSI Vector A18 HX A9WIG-076US (AMD Ryzen 9 9955HX, 96GB DDR5 RAM, 2X 8TB WD NVMe SSD, NVIDIA GeForce RTX 5080, 18"" QHD+ 240Hz, Windows 11 Pro) Gaming Laptop",EXCaliberPC,B0F8JCF85F,https://m.media-amazon.com/images/I/61g5AG7N5PL._AC_UY218_.jpg,"$7,299.00 ",,18 inches,Windows 11 Pro,-,16 TB,,https://www.amazon.com/EXCaliberPC-MSI-Vector-A18-A9WIG-076US/dp/B0F8JCF85F/
"ASUS ROG Strix Scar AI Gaming Laptop 18"" 240Hz Mini LED WQXGA Display (Intel Ultra 9-275HX, GeForce RTX 5090 24GB, 64GB DDR5, Win 11 Pro) w/MS 365 Personal, DKZ USB Port Expander",ASUS,B0FCFXP3K7,https://m.media-amazon.com/images/I/71lwZswOu9L._AC_UY218_.jpg,"$7,194.99 ",,18.00 inches,Windows 11 Pro,64 GB,8 TB,,https://www.amazon.com/ASUS-Display-9-275HX-Personal-Expander/dp/B0FCFXP3K7/
"ASUS ROG Strix Scar 18 AI Gaming Laptop 18"" 240Hz Mini LED WQXGA Display (Intel Ultra 9-275HX, GeForce RTX 5090 24GB, 64GB DDR5, 2x4TB PCIe SSD (8TB), RGB KB, Win 11 Pro) w/DKZ USB Port Expander",ASUS,B0FCDM66SF,https://m.media-amazon.com/images/I/61hjeGTuqOL._AC_UY218_.jpg,"$7,119.99 ",1,18 inches,Windows 11 Pro,64 GB,8 TB,1,https://www.amazon.com/ASUS-Display-9-275HX-GeForce-Expander/dp/B0FCDM66SF/
"Dell Precision 7780 Workstation Laptop (2023) | 17"" 1920x1080 FHD | Core i9-13950HX - 4TB SSD + 4TB SSD Hard Drive - 64GB RAM - Nvidia RTX 3500 Ada | 24 cores @ 5.5 GHz - 12GB GDDR6 Win 11 (Renewed)",Dell,B0D7S69DMG,https://m.media-amazon.com/images/I/81gmtwhHayL._AC_UY218_.jpg,"$7,099.00 ",,17 inches,-,64 GB,-,,https://www.amazon.com/Dell-Precision-7780-Workstation-Laptop/dp/B0D7S69DMG/
"Dell Precision 7780 Workstation Laptop (2023) | 17"" 1920x1080 FHD | Core i9-13950HX - 4TB SSD Hard Drive - 64GB RAM - Nvidia RTX 4000 Ada | 24 cores @ 5.5 GHz - 12GB GDDR6 Win 11 Home (Renewed)",Dell,B0D7RS672N,https://m.media-amazon.com/images/I/81gmtwhHayL._AC_UY218_.jpg,"$7,099.00 ",,17 inches,-,64 GB,4 TB,,https://www.amazon.com/Dell-Precision-7780-Workstation-Laptop/dp/B0D7RS672N/
"Dell Precision 7780 Workstation Laptop (2023) | 17"" 1920x1080 FHD | Core i9-13950HX - 4TB SSD Hard Drive - 64GB RAM | 24 cores @ 5.5 GHz Win 11 Home (Renewed)",Dell,B0D4M66M5D,https://m.media-amazon.com/images/I/81gmtwhHayL._AC_UY218_.jpg,"$7,099.00 ",,17 inches,Windows 11 Home,64 GB,4000 GB,,https://www.amazon.com/Dell-Precision-Workstation-1920x1080-i9-13950HX/dp/B0D4M66M5D/
"Dell Precision 7780 Workstation Laptop (2023) | 17"" 1920x1080 FHD | Core i7-13850HX - 512GB SSD Hard Drive - 64GB RAM - Nvidia RTX 5000 Ada | 20 cores @ 5.3 GHz - 16GB GDDR6 Win 11 Pro (Renewed)",Dell,B0D16WKQGY,https://m.media-amazon.com/images/I/81gmtwhHayL._AC_UY218_.jpg,"$7,099.00 ",,17 inches,-,64 GB,-,,https://www.amazon.com/Dell-Precision-7780-Workstation-Laptop/dp/B0D16WKQGY/
"Dell Precision 7780 Workstation Laptop (2023) | 17"" 1920x1080 FHD | Core i7-13850HX - 1TB SSD Hard Drive - 64GB RAM - Nvidia RTX 5000 Ada | 20 cores @ 5.3 GHz - 16GB GDDR6 Win 11 Pro (Renewed)",Dell,B0CKNVLDPK,https://m.media-amazon.com/images/I/81gmtwhHayL._AC_UY218_.jpg,"$7,099.00 ",,17.00 inches,Windows 11 Pro,64.00 GB,1000 GB,,https://www.amazon.com/Dell-Precision-7780-Workstation-Laptop/dp/B0CKNVLDPK/
"HP OMEN 16.1"" 144Hz FHD IPS Gaming Laptop (AMD Ryzen 7 5800H 8-Core 3.2GHz, 32GB RAM, 2x8TB PCIe SSD, GeForce RTX 3050 Ti 4GB, RGB KYB, WiFi 6, BT 5.2, RJ-45, HD Webcam, Win10P) w/Dockztorm Dock",HP,B09NHPLQ2X,https://m.media-amazon.com/images/I/71OERvF83AL._AC_UY218_.jpg,"$7,049.99 ",,16.10 inches,Windows 10 Pro,32 GB,16 TB,,https://www.amazon.com/HP-Gaming-Laptop-GeForce-Dockztorm/dp/B09NHPLQ2X/
"Lenovo ThinkPad P17 Gen 2 Home & Business Laptop (Intel i7-11800H 8-Core, 32GB RAM, 2x4TB PCIe SSD RAID 0 (8TB), RTX A2000, 17.3"" 60Hz Full HD (1920x1080), Win 10 Pro) with Hub",Lenovo,B0BG55XN1W,https://m.media-amazon.com/images/I/81FTFyqo0RL._AC_UY218_.jpg,"$6,999.99 ",,17.3 inches,Windows 10 Pro,32 GB,-,,https://www.amazon.com/Lenovo-ThinkPad-Business-i7-11800H-1920x1080/dp/B0BG55XN1W/
"EXCaliberPC [2025] MSI Raider A18 HX A9WIG-082US (AMD Ryzen 9 9955HX3D, 96GB DDR5 RAM, 16TB WD NVMe SSD, NVIDIA GeForce RTX 5080, 18"" UHD+ 120Hz, Windows 11 Pro) Gaming Laptop",EXCaliberPC,B0FK5Y91SH,https://m.media-amazon.com/images/I/619Jx2rmmIL._AC_UY218_.jpg,"$6,999.00 ",,18 inches,Windows 11 Pro,96 GB,16 TB,,https://www.amazon.com/EXCaliberPC-MSI-Raider-A18-A9WIG-082US/dp/B0FK5Y91SH/
"Mavark Alienware 16 Area-51 Gaming Laptop Ultra 9 275HX GeForce RTX 5090 16"" WQXGA 240Hz 3ms Display G-SYNC CherryMX Mechanical Keyboard Wi-Fi 7 Win 11 Pro 8TB SSD 64GB RAM",Mavark,B0FD2L87R2,https://m.media-amazon.com/images/I/71dpF8QKdrL._AC_UY218_.jpg,"$6,999.00 ",,16 inches,Windows 11 Pro,-,8 TB,,https://www.amazon.com/Mavark-NewAlienware-Ultra-275HX-Mechanical/dp/B0FD2L87R2/
"Dell Precision 7780 Workstation Laptop (2023) | 17"" 1920x1080 FHD | Core i9-13950HX - 4TB SSD + 4TB SSD Hard Drive - 64GB RAM | 24 cores @ 5.5 GHz Win 11 Pro (Renewed)",Dell,B0D4PN5KDV,https://m.media-amazon.com/images/I/81gmtwhHayL._AC_UY218_.jpg,"$6,999.00 ",,17 inches,Windows 11 Pro,64 GB,4000 GB,,https://www.amazon.com/Dell-Precision-Workstation-1920x1080-i9-13950HX/dp/B0D4PN5KDV/
"Dell Precision 7760 Workstation Laptop | 17.3"" 3840x2160 4k | Xeon W - 11955M - 4TB SSD + 2TB SSD Hard Drive - 128GB RAM - Nvidia RTX A5000 | 8 cores @ 5 GHz - 16GB GDDR6 Win 11 Pro Silver (Renewed)",Dell,B0BLH5ZDPF,https://m.media-amazon.com/images/I/81RR7rmJCoL._AC_UY218_.jpg,"$6,999.00 ",,17.30 inches,Windows 11 Pro,128.00 GB,4000 GB,,https://www.amazon.com/Dell-Precision-7760-Workstation-Laptop/dp/B0BLH5ZDPF/
"Dell Precision 7760 Workstation Laptop | 17.3"" 3840x2160 4k | Xeon W - 11955M - 4TB SSD + 2TB SSD Hard Drive - 128GB RAM - Nvidia RTX A5000 | 8 cores @ 5 GHz - 16GB GDDR6 Win 11 Pro Silver (Renewed)",Dell,B0BLGNTP7K,https://m.media-amazon.com/images/I/81RR7rmJCoL._AC_UY218_.jpg,"$6,999.00 ",,17.30 inches,Windows 11 Pro,128.00 GB,4000 GB,,https://www.amazon.com/Dell-Precision-7760-Workstation-Laptop/dp/B0BLGNTP7K/
"ASUS ROG Strix Scar AI Gaming Laptop 18"" 240Hz Mini LED WQXGA Display (Intel Ultra 9-275HX, GeForce RTX 5090 24GB, 32GB DDR5, 2x4TB PCIe SSD (8TB), RGB KB, Win 11 Pro) w/USB-C Dock",ASUS,B0FCM6ZZ3S,https://m.media-amazon.com/images/I/61X4XG7wuDL._AC_UY218_.jpg,"$6,914.99 ",,18.00 inches,Windows 11 Pro,32 GB,8 TB,,https://www.amazon.com/ASUS-Gaming-Display-9-275HX-GeForce/dp/B0FCM6ZZ3S/
"EXCaliberPC [2025] MSI Vector A18 HX A9WIG-076US (AMD Ryzen 9 9955HX, 96GB DDR5 RAM, 2X 8TB NVMe SSD, NVIDIA GeForce RTX 5080, 18"" QHD+ 240Hz, Windows 11 Pro) Gaming Laptop",EXCaliberPC,B0F8J9ZJTS,https://m.media-amazon.com/images/I/61g5AG7N5PL._AC_UY218_.jpg,"$6,895.00 ",,18 inches,Windows 11 Pro,-,16 TB,,https://www.amazon.com/EXCaliberPC-MSI-Vector-A18-A9WIG-076US/dp/B0F8J9ZJTS/
"ASUS ROG Strix Scar AI Gaming Laptop 18"" 240Hz Mini LED WQXGA Display (Intel Ultra 9-275HX, GeForce RTX 5090 24GB, 64GB DDR5, Win 11 Pro) w/MS 365 Personal, DKZ USB Port Expander",ASUS,B0FCFZLRD1,https://m.media-amazon.com/images/I/71lwZswOu9L._AC_UY218_.jpg,"$6,894.99 ",,18.00 inches,Windows 11 Pro,64 GB,8 TB,,https://www.amazon.com/ASUS-Display-9-275HX-Personal-Expander/dp/B0FCFZLRD1/
"ASUS ROG Strix Scar AI Gaming Laptop 18"" 240Hz Mini LED WQXGA Display (Intel Ultra 9-275HX, GeForce RTX 5080 16GB, 64GB DDR5, Win 11 Pro) w/MS 365 Personal, DKZ USB Port Expander",ASUS,B0FCFZXMFY,https://m.media-amazon.com/images/I/61NL9vo2y3L._AC_UY218_.jpg,"$6,844.99 ",,18.00 inches,Windows 11 Pro,64 GB,16 TB,,https://www.amazon.com/ASUS-Display-9-275HX-Personal-Expander/dp/B0FCFZXMFY/
"ASUS ROG Strix Scar AI Gaming Laptop 18"" 240Hz Mini LED WQXGA Display (Intel Ultra 9-275HX, GeForce RTX 5080 16GB, 64GB DDR5, 2x8TB PCIe SSD (16TB), RGB KB, Win 11 Pro) w/DKZ USB Port Expander",ASUS,B0FCDL79JZ,https://m.media-amazon.com/images/I/61cBgSI+ErL._AC_UY218_.jpg,"$6,769.99 ",,18.00 inches,Windows 11 Pro,64 GB,16 TB,,https://www.amazon.com/ASUS-Display-9-275HX-GeForce-Expander/dp/B0FCDL79JZ/
"ASUS ROG Strix Scar 18 AI Gaming Laptop 18"" 240Hz Mini LED WQXGA Display (Intel Ultra 9-275HX, GeForce RTX 5090 24GB, 32GB DDR5, 2x4TB PCIe SSD (8TB), RGB KB, Win 11 Pro) w/DKZ USB Port Expander",ASUS,B0FCDM4585,https://m.media-amazon.com/images/I/61hjeGTuqOL._AC_UY218_.jpg,"$6,759.99 ",,18 inches,Windows 11 Pro,32 GB,0 GB,,https://www.amazon.com/ASUS-Display-9-275HX-GeForce-Expander/dp/B0FCDM4585/
"ASUS ROG Strix Scar 18 AI Gaming Laptop 18"" 240Hz Mini LED WQXGA Display (Intel Ultra 9-275HX, GeForce RTX 5090 24GB, 64GB DDR5, 8TB PCIe SSD, RGB KB, Win 11 Pro) w/DKZ USB Port Expander",ASUS,B0FCDMPYN7,https://m.media-amazon.com/images/I/61hjeGTuqOL._AC_UY218_.jpg,"$6,699.99 ",5,18 inches,Windows 11 Pro,64 GB,8 TB,1,https://www.amazon.com/ASUS-Display-9-275HX-GeForce-Expander/dp/B0FCDMPYN7/
"NewDe.l.l Pro Max 18 Plus Mobile Workstation Laptop for Professional Creator Engineer 18"" QHD+ Display 24-cores Ultra 9 285HX 64GB RAM 4TB SSD RTX PRO 3000 Blackwell GDDR7 Graphic Ethernet Win 11 Pro",NewDe.l.l,B0G5DGRTB3,https://m.media-amazon.com/images/I/71FIWGJ4pIL._AC_UY218_.jpg,"$6,699.00 ",,18 inches,Others,64 GB,4 TB,,https://www.amazon.com/NewDe-l-l-Workstation-Professional-Engineer-Blackwell/dp/B0G5DGRTB3/
"EXCaliberPC [2025] ASUS ROG Strix Scar 16 G635LW-XS97 (Intel Core Ultra 9 275HX, 96GB DDR5 RAM, 16TB WD NVMe SSD, NVIDIA GeForce RTX 5080, 16"" 240Hz Mini LED, Windows 11 Pro) Gaming Laptop",EXCaliberPC,B0FCXRMK7T,https://m.media-amazon.com/images/I/61Gik2-LpRL._AC_UY218_.jpg,"$6,699.00 ",,16 inches,Windows 11 Pro,-,16 TB,,https://www.amazon.com/EXCaliberPC-ASUS-G635LW-XS97-GeForce-Windows/dp/B0FCXRMK7T/
"Dell Precision 7780 Workstation Laptop (2023) | 17"" 1920x1080 FHD | Core i9-13950HX - 4TB SSD + 4TB HDD Hard Drive - 64GB RAM - Nvidia RTX 4000 Ada | 24 cores @ 5.5 GHz - 12GB GDDR6 Win 11 (Renewed)",Dell,B0D2NRCK88,https://m.media-amazon.com/images/I/81gmtwhHayL._AC_UY218_.jpg,"$6,699.00 ",,17 inches,-,64 GB,-,,https://www.amazon.com/Dell-Precision-7780-Workstation-Laptop/dp/B0D2NRCK88/
"Dell Precision 7760 Workstation Laptop | 17.3"" 3840x2160 4k | Xeon W - 11955M - 2TB SSD + 2TB SSD Hard Drive - 128GB RAM - Nvidia RTX A5000 | 8 cores @ 5 GHz - 16GB GDDR6 Win 11 Pro Silver (Renewed)",Dell,B09ZLMKNNB,https://m.media-amazon.com/images/I/81RR7rmJCoL._AC_UY218_.jpg,"$6,699.00 ",,17.3 inches,Windows 11 Pro,128.00 GB,2000 GB,,https://www.amazon.com/Dell-Precision-7760-Workstation-Laptop/dp/B09ZLMKNNB/
Razer Blade 18 Gaming Laptop: NVIDIA GeForce RTX 4090 - Intel Core i9 14900HX 14th Gen CPU - 18” UHD+ 4K 200Hz Display - 32GB RAM - 2TB SSD - Thunderbolt 5 - Chroma RGB - Snap Tap - Mercury,Razer,B0D328HTLM,https://m.media-amazon.com/images/I/71tLwCFiWCL._AC_UY218_.jpg,"$6,698.00 ",4.4,18 inches,Windows 11 Home,32 GB,2 TB,17,https://www.amazon.com/Razer-Blade-Gaming-Laptop-Thunderbolt/dp/B0D328HTLM/
"EXCaliberPC [2025] MSI Raider 18 HX AI A2XWIG-014US Pro Extreme (Intel Core Ultra 9 285HX, 96GB DDR5 RAM, 12TB NVMe SSD, NVIDIA GeForce RTX 5080, 18"" UHD+ mini LED, Windows 11) Gaming Laptop",EXCaliberPC,B0F4PWBZJJ,https://m.media-amazon.com/images/I/61ZuP2JMlLL._AC_UY218_.jpg,"$6,695.00 ",,18 inches,Windows 11 Home,-,12 TB,,https://www.amazon.com/EXCaliberPC-MSI-Raider-18-A2XWIG-014US/dp/B0F4PWBZJJ/
"ASUS ROG Strix Scar AI Gaming Laptop 18"" 240Hz Mini LED WQXGA Display (Intel Ultra 9-275HX, GeForce RTX 5090 24GB, 32GB DDR5, 8TB PCIe SSD, RGB KB, 2 Thunderbolt 5, Win 11 Pro) w/USB-C Dock",ASUS,B0FCM6GKR2,https://m.media-amazon.com/images/I/61X4XG7wuDL._AC_UY218_.jpg,"$6,614.99 ",,18.00 inches,Windows 11 Pro,32 GB,8 TB,,https://www.amazon.com/ASUS-Display-9-275HX-GeForce-Thunderbolt/dp/B0FCM6GKR2/
"Lenovo ThinkPad T1g Gen 8 21TD000VUS 16"" Touchscreen Notebook - 3.2K - 120 Hz - Intel Core Ultra 9 2nd Gen 285H - vPro Technology - Intel Evo Platform - 64 GB - 2 TB SSD - English Keyboard - Black",Lenovo,B0GDVF2RBN,https://m.media-amazon.com/images/I/71Yw00CqQ+L._AC_UY218_.jpg,"$6,599.75 ",,16 inches,Windows 10 or 11,64 GB,2 TB,,https://www.amazon.com/Lenovo-ThinkPad-21TD000VUS-Touchscreen-Notebook/dp/B0GDVF2RBN/
"ASUS ROG Strix Scar AI Gaming Laptop 18"" 240Hz Mini LED WQXGA Display (Intel Ultra 9-275HX, GeForce RTX 5090 24GB, 64GB DDR5, 4TB PCIe SSD, RGB KB, 2 Thunderbolt 5, Win 11 Pro) w/USB-C Dock",ASUS,B0FCM4ZG5C,https://m.media-amazon.com/images/I/61X4XG7wuDL._AC_UY218_.jpg,"$6,524.99 ",,18.00 inches,Windows 11 Pro,64 GB,4 TB,,https://www.amazon.com/ASUS-Display-9-275HX-GeForce-Thunderbolt/dp/B0FCM4ZG5C/
"Dell Precision 7760 Workstation Laptop | 17.3"" 3840x2160 4k | Xeon W - 11955M - 2TB SSD Hard Drive - 128GB RAM - Nvidia RTX A5000 | 8 cores @ 5 GHz - 16GB GDDR6 Win 11 Pro Silver (Renewed)",Dell,B0BHQRBCKC,https://m.media-amazon.com/images/I/81RR7rmJCoL._AC_UY218_.jpg,"$6,499.00 ",,17.3 inches,Windows 11 Pro,128.00 GB,2000 GB,,https://www.amazon.com/Dell-Precision-7760-Workstation-Laptop/dp/B0BHQRBCKC/
"MSI Titan 18 HX A14VIG-088US 18"" 4K Ultra HD+ 120Hz Gaming Laptop, Intel Core i9-14900HX 2.2GHz, 64GB RAM, 4TB SSD, NVIDIA GeForce RTX 4090 16GB, Windows 11 Pro, Core Black",MSI,B0D741527J,https://m.media-amazon.com/images/I/61eJ2hjCFbL._AC_UY218_.jpg,"$6,495.00 ",5,18 inches,Windows 11,64,4 TB,4,https://www.amazon.com/MSI-A14VIG-088US-i9-14900HX-GeForce-Windows/dp/B0D741527J/
"ASUS ROG Strix Scar AI Gaming Laptop 18"" 240Hz Mini LED WQXGA Display (Intel Ultra 9-275HX, GeForce RTX 5090 24GB, 64GB DDR5, Win 11 Pro) w/MS 365 Personal, DKZ USB Port Expander",ASUS,B0FCFXYR6P,https://m.media-amazon.com/images/I/71lwZswOu9L._AC_UY218_.jpg,"$6,444.99 ",,18.00 inches,Windows 11 Pro,64 GB,4 TB,,https://www.amazon.com/ASUS-Display-9-275HX-Personal-Expander/dp/B0FCFXYR6P/
"msi Stealth AI Gaming Laptop 18"" 4K (Intel Ultra 9-275HX, GeForce RTX 5090 24GB, 64GB DDR5, 8TB PCIe SSD, Win 11 Pro) w/USB-C Dock",msi,B0G2CVCWBB,https://m.media-amazon.com/images/I/61IKpNrDXaL._AC_UY218_.jpg,"$6,414.99 ",,18 inches,Windows 11 Pro,64 GB,8000 TB,,https://www.amazon.com/msi-Stealth-Gaming-9-275HX-GeForce/dp/B0G2CVCWBB/
"EXCaliberPC [2025] MSI Stealth 18 HX AI A2XWJG-035US (Intel Ultra 9 275HX, 96GB RAM, 8TB WD NVMe SSD, NVIDIA GeForce RTX 5090, 18"" UHD+ 120Hz, Windows 11 Pro) Gaming Laptop",EXCaliberPC,B0FYP6SDKH,https://m.media-amazon.com/images/I/61BtsFsB1NL._AC_UY218_.jpg,"$6,399.00 ",,18 inches,Windows 11 Pro,-,8 TB,,https://www.amazon.com/EXCaliberPC-MSI-Stealth-18-A2XWJG-035US/dp/B0FYP6SDKH/
"Dell Precision 7780 Workstation Laptop (2023) | 17"" 1920x1080 FHD | Core i9-13950HX - 1TB SSD Hard Drive - 64GB RAM - Nvidia RTX 4000 Ada | 24 cores @ 5.5 GHz - 12GB GDDR6 Win 11 Home (Renewed)",Dell,B0CKNX8GNF,https://m.media-amazon.com/images/I/81gmtwhHayL._AC_UY218_.jpg,"$6,399.00 ",,17.00 inches,Windows 11 Home,64.00 GB,1000 GB,,https://www.amazon.com/Dell-Precision-7780-Workstation-Laptop/dp/B0CKNX8GNF/
"Dell Precision 7780 Workstation Laptop (2023) | 17"" 1920x1080 FHD | Core i9-13950HX - 1TB SSD Hard Drive - 64GB RAM - Nvidia RTX 4000 Ada | 24 cores @ 5.5 GHz - 12GB GDDR6 Win 11 Pro (Renewed)",Dell,B0CKNWZMQZ,https://m.media-amazon.com/images/I/81gmtwhHayL._AC_UY218_.jpg,"$6,399.00 ",,17.00 inches,Windows 11 Pro,64.00 GB,1000 GB,,https://www.amazon.com/Dell-Precision-7780-Workstation-Laptop/dp/B0CKNWZMQZ/
"EXCaliberPC [2025] MSI Vector 16 HX AI A2XWIG-058US (Intel Core Ultra 9 275HX, 96GB DDR5 RAM, 16TB WD NVMe SSD, NVIDIA GeForce RTX 5080, 16"" QHD+ 240Hz, Windows 11 Pro) Gaming Laptop",EXCaliberPC,B0F6CD99FW,https://m.media-amazon.com/images/I/61UNRajjMuL._AC_UY218_.jpg,"$6,395.00 ",,16 inches,Windows 11 Pro,-,16 TB,,https://www.amazon.com/EXCaliberPC-MSI-Vector-16-A2XWIG-058US/dp/B0F6CD99FW/
"EXCaliberPC [2025] MSI Stealth A18 AI+ A3XWJG-006US (AMD Ryzen AI 9 HX 370, 96GB DDR5 RAM, 8TB WD NVMe SSD, NVIDIA GeForce RTX 5090, 18"" UHD+ 120Hz, Windows 11) Gaming Laptop",EXCaliberPC,B0FRGGD93N,https://m.media-amazon.com/images/I/61O4T6nTzxL._AC_UY218_.jpg,"$6,365.00 ",,18 inches,Windows 11 Home,96 GB,8 TB,,https://www.amazon.com/EXCaliberPC-MSI-Stealth-A18-A3XWJG-006US/dp/B0FRGGD93N/
"msi Stealth AI Gaming Laptop 18"" 4K (Intel Ultra 9-275HX, GeForce RTX 5090 24GB, 64GB DDR5, 8TB PCIe SSD, Win 11 Pro) w/MS 365 Personal, DKZ USB Port Expander",msi,B0G21GHXC7,https://m.media-amazon.com/images/I/61xRWHQ5H9L._AC_UY218_.jpg,"$6,334.99 ",,18 inches,Windows 11 Pro,64 GB,0 GB,,https://www.amazon.com/msi-Stealth-9-275HX-Personal-Expander/dp/B0G21GHXC7/
"EXCaliberPC [2025] MSI Vector A18 HX A9WHG-074US (AMD Ryzen 9 9955HX, 96GB DDR5 RAM, 2X 8TB NVMe SSD, NVIDIA GeForce RTX 5070Ti, 18"" QHD+ 240Hz, Windows 11 Pro) Gaming Laptop",EXCaliberPC,B0F8J3YK6D,https://m.media-amazon.com/images/I/61g5AG7N5PL._AC_UY218_.jpg,"$6,329.00 ",,18 inches,Windows 11 Pro,-,16 TB,,https://www.amazon.com/EXCaliberPC-MSI-Vector-A18-A9WHG-074US/dp/B0F8J3YK6D/
"Lenovo ThinkPad P15 Workstation FHD & IPS Laptop (Intel i7-10750H 6-Core, 64GB RAM, 2x8TB PCIe SSD, Quadro T1000, 15.6"", (1920x1080), FP Reader, WiFi 6, Bluetooth, Backlit KB, Webcam, Win11P) w/Hub…",Lenovo,B09KSB3RDK,https://m.media-amazon.com/images/I/61qJY3FgDiL._AC_UY218_.jpg,"$6,299.99 ",,15.6 inches,P:Windows 11 Pro,64 GB,8 TB,,https://www.amazon.com/Lenovo-Workstation-i7-10750H-1920x1080-Bluetooth/dp/B09KSB3RDK/
"Lenovo ThinkPad P15 Workstation FHD & IPS Laptop (Intel i7-10750H 6-Core, 64GB RAM, 2x8TB PCIe SSD, Quadro T1000, 15.6"", (1920x1080), FP Reader, WiFi 6, Bluetooth, Backlit KB, Webcam, Win10P) w/Hub…",Lenovo,B09JX3BKTB,https://m.media-amazon.com/images/I/61qJY3FgDiL._AC_UY218_.jpg,"$6,299.99 ",,15.6 inches,Windows 10 Pro,64 GB,-,,https://www.amazon.com/Lenovo-Workstation-i7-10750H-1920x1080-Bluetooth/dp/B09JX3BKTB/
"ASUS ROG Strix Scar 18 (2025) Gaming Laptop, 18” ROG Nebula HDR 16:10 2.5K 240Hz/3ms, NVIDIA® GeForce RTX™ 5090, Intel® Core™ Ultra 9 HX, 64GB, 4TB, G835LX-XS99-CA",ASUS,B0DYWBHXCW,https://m.media-amazon.com/images/I/71Fquz3pU4L._AC_UY218_.jpg,"$6,299.00 ",1,18.0 inches,Windows 11 Pro,-,4 TB,1,https://www.amazon.com/Asus-Strix-Gaming-Laptop-Nebula/dp/B0DYWBHXCW/
"Dell Precision 7780 Workstation Laptop (2023) | 17"" 1920x1080 FHD | Core i9-13950HX - 2TB SSD + 2TB SSD Hard Drive - 64GB RAM | 24 cores @ 5.5 GHz Win 11 Pro Silver (Renewed)",Dell,B0CSZCFT3P,https://m.media-amazon.com/images/I/81gmtwhHayL._AC_UY218_.jpg,"$6,299.00 ",,17.00 inches,-,64.00 GB,-,,https://www.amazon.com/Dell-Precision-7780-Workstation-Laptop/dp/B0CSZCFT3P/
"Dell Precision 7760 Workstation Laptop | 17.3"" 3840x2160 4k | Xeon W - 11955M - 1TB SSD + 512GB SSD Hard Drive - 128GB RAM - Nvidia RTX A5000 | 8 cores @ 5 GHz - 16GB GDDR6 Win 11 Pro Silver (Renewed)",Dell,B0BNQ3VCWY,https://m.media-amazon.com/images/I/81RR7rmJCoL._AC_UY218_.jpg,"$6,299.00 ",,17.30 inches,Windows 11 Pro,128.00 GB,1000 GB,,https://www.amazon.com/Dell-Precision-7760-Workstation-Laptop/dp/B0BNQ3VCWY/
"Dell Precision 7760 Workstation Laptop | 17.3"" 3840x2160 4k | Xeon W - 11955M - 1TB SSD + 1TB SSD Hard Drive - 128GB RAM - Nvidia RTX A5000 | 8 cores @ 5 GHz - 16GB GDDR6 Win 11 Pro Silver (Renewed)",Dell,B0BHRJMSWK,https://m.media-amazon.com/images/I/81RR7rmJCoL._AC_UY218_.jpg,"$6,299.00 ",,17.30 inches,Windows 11 Pro,128.00 GB,1000 GB,,https://www.amazon.com/Dell-Precision-7760-Workstation-Laptop/dp/B0BHRJMSWK/
"MSI Stealth AI Gaming Laptop 18"" 4K (Intel Ultra 9-275HX, GeForce RTX 5090 24GB, 64GB DDR5, 8TB PCIe SSD, Win 11 Pro)",MSI,B0G22K3848,https://m.media-amazon.com/images/I/61QWoKQzB5L._AC_UY218_.jpg,"$6,249.99 ",,,,64 GB,0 GB,,https://www.amazon.com/Stealth-Gaming-Laptop-9-275HX-GeForce/dp/B0G22K3848/
"Dell Precision 7780 Workstation Laptop (2023) | 17"" 3840x2160 4k | Core i9-13950HX - 2TB SSD Hard Drive - 64GB RAM - Nvidia RTX 4000 Ada | 24 cores @ 5.5 GHz - 12GB GDDR6 Win 11 Pro Silver (Renewed)",Dell,B0CKNWF3TL,https://m.media-amazon.com/images/I/81gmtwhHayL._AC_UY218_.jpg,"$6,229.00 ",,17 inches,Windows 11 Pro,64 GB,2000 GB,,https://www.amazon.com/Dell-Precision-7780-Workstation-Laptop/dp/B0CKNWF3TL/
"Dell Precision 7780 Workstation Laptop (2023) | 17"" 3840x2160 4k | Core i9-13950HX - 2TB SSD Hard Drive - 64GB RAM - Nvidia RTX 4000 Ada | 24 cores @ 5.5 GHz - 12GB GDDR6 Win 11 Home (Renewed)",Dell,B0CKNPTFTD,https://m.media-amazon.com/images/I/81gmtwhHayL._AC_UY218_.jpg,"$6,229.00 ",,17 inches,Windows 11 Home,64 GB,2000 GB,,https://www.amazon.com/Dell-Precision-7000-Workstation-Laptop/dp/B0CKNPTFTD/
"Dell Precision 7780 Workstation Laptop (2023) | 17"" 1920x1080 FHD | Core i9-13950HX - 2TB SSD Hard Drive - 64GB RAM - Nvidia RTX 3500 Ada | 24 cores @ 5.5 GHz - 12GB GDDR6 Win 11 Home (Renewed)",Dell,B0D7RSGJVK,https://m.media-amazon.com/images/I/81gmtwhHayL._AC_UY218_.jpg,"$6,199.00 ",,17 inches,-,64 GB,-,,https://www.amazon.com/Dell-Precision-7780-Workstation-Laptop/dp/B0D7RSGJVK/
"ASUS ROG Strix Scar AI Gaming Laptop 18"" 240Hz Mini LED WQXGA Display (Intel Ultra 9-275HX, GeForce RTX 5090 24GB, 64GB DDR5, Win 11 Pro) w/MS 365 Personal, DKZ USB Port Expander",ASUS,B0FCFWYJLG,https://m.media-amazon.com/images/I/71lwZswOu9L._AC_UY218_.jpg,"$6,194.99 ",,18.00 inches,Windows 11 Pro,64 GB,2 TB,,https://www.amazon.com/ASUS-Display-9-275HX-Personal-Expander/dp/B0FCFWYJLG/
"Dell Precision 7780 Workstation Laptop (2023) | 17"" 1920x1080 FHD | Core i9-13950HX - 2TB SSD Hard Drive - 64GB RAM | 24 cores @ 5.5 GHz Win 11 Pro Silver (Renewed)",Dell,B0D7BTZW5H,https://m.media-amazon.com/images/I/81gmtwhHayL._AC_UY218_.jpg,"$6,139.00 ",,17 inches,-,64 GB,-,,https://www.amazon.com/Dell-Precision-7780-Workstation-Laptop/dp/B0D7BTZW5H/
"ASUS ROG Strix Scar 18 AI Gaming Laptop 18"" 240Hz Mini LED WQXGA Display (Intel Ultra 9-275HX, GeForce RTX 5090 24GB, 64GB DDR5, 2x1TB PCIe SSD (2TB), RGB KB, Win 11 Pro) w/DKZ USB Port Expander",ASUS,B0FCDMGZJC,https://m.media-amazon.com/images/I/61hjeGTuqOL._AC_UY218_.jpg,"$6,119.99 ",,18 inches,Windows 11 Pro,64 GB,0 GB,,https://www.amazon.com/ASUS-Display-9-275HX-GeForce-Expander/dp/B0FCDMGZJC/
"Lenovo ThinkPad P15 15.6"" Touchscreen 4K UHD OLED Workstation Laptop (Intel Xeon W-10855M 6-Core, 128GB RAM, 8TB PCIe SSD,Quadro RTX 5000 Max-Q, Backlit KYB,FP,WiFi 6,BT 5.1,HD Webcam, Win11Pro) w/Hub",Lenovo,B09MJSD3GZ,https://m.media-amazon.com/images/I/511tXzYMh3L._AC_UY218_.jpg,"$6,099.99 ",3.2,15.6 inches,Windows 11 Pro,128 GB,8 TB,4,https://www.amazon.com/Lenovo-ThinkPad-Workstation-3840x2160-Fingerprint/dp/B09MJSD3GZ/
New ThinkPad P16 Gen 3 Mobile Workstation AI Laptop 16″ 3.2K OLED TouchScreen Ultra 9 275HX Processor 128GB RAM 8TB SSD(2x 4TB) RTX PRO 5000 Blackwell 24GB GDDR7 Webcam Backlit Thunderbolt5 Win 11 Pro,New,B0GMPB1Y7G,https://m.media-amazon.com/images/I/61vplFUQDDL._AC_UY218_.jpg,"$6,099.00 ",,16 inches,Others,128 GB,8 TB,,https://www.amazon.com/Workstation-TouchScreen-Processor-Blackwell-Thunderbolt5/dp/B0GMPB1Y7G/
New ThinkPad P16 Gen 3 Mobile Workstation AI Laptop 16″ 3.2K OLED TouchScreen 24-Cores Ultra 9 275HX 128GB RAM 8TB SSD(2 x 4 TB) RTX PRO 5000 Blackwell 24GB GDDR7 5MP RGB+IR Cam Backlit Win 11 Pro,New,B0GMP45YGP,https://m.media-amazon.com/images/I/61vplFUQDDL._AC_UY218_.jpg,"$6,099.00 ",,16 inches,Others,128 GB,8 TB,,https://www.amazon.com/ThinkPad-Workstation-TouchScreen-24-Cores-Blackwell/dp/B0GMP45YGP/
"Dell Precision 7780 Workstation Laptop (2023) | 17"" 1920x1080 FHD | Core i7-13850HX - 2TB SSD Hard Drive - 64GB RAM - Nvidia RTX 4000 Ada | 20 cores @ 5.3 GHz - 12GB GDDR6 Win 11 Pro (Renewed)",Dell,B0DMC62Y37,https://m.media-amazon.com/images/I/81gmtwhHayL._AC_UY218_.jpg,"$6,099.00 ",,17 inches,-,64 GB,-,,https://www.amazon.com/Dell-Precision-7780-Workstation-Laptop/dp/B0DMC62Y37/
"Dell Precision 7780 Workstation Laptop (2023) | 17"" 1920x1080 FHD | Core i9-13950HX - 2TB SSD Hard Drive - 64GB RAM - Nvidia RTX 3500 Ada | 24 cores @ 5.5 GHz - 12GB GDDR6 Win 11 Pro (Renewed)",Dell,B0D7RQWSYZ,https://m.media-amazon.com/images/I/81gmtwhHayL._AC_UY218_.jpg,"$6,099.00 ",,17 inches,-,64 GB,-,,https://www.amazon.com/Dell-Precision-7780-Workstation-Laptop/dp/B0D7RQWSYZ/
"Dell Precision 7780 Workstation Laptop (2023) | 17"" 1920x1080 FHD | Core i9-13950HX - 4TB SSD + 2TB SSD Hard Drive - 64GB RAM | 24 cores @ 5.5 GHz Win 11 Pro Silver (Renewed)",Dell,B0D7QZKLK3,https://m.media-amazon.com/images/I/81gmtwhHayL._AC_UY218_.jpg,"$6,099.00 ",,17 inches,-,64 GB,-,,https://www.amazon.com/Dell-Precision-7780-Workstation-Laptop/dp/B0D7QZKLK3/
"ASUS ROG Strix Scar AI Gaming Laptop 18"" 240Hz Mini LED WQXGA Display (Intel Ultra 9-275HX, GeForce RTX 5090 24GB, 64GB DDR5, Win 11 Pro) w/MS 365 Personal, DKZ USB Port Expander",ASUS,B0FCG1RV91,https://m.media-amazon.com/images/I/71lwZswOu9L._AC_UY218_.jpg,"$6,094.99 ",,18.00 inches,Windows 11 Pro,64 GB,4 TB,,https://www.amazon.com/ASUS-Display-9-275HX-Personal-Expander/dp/B0FCG1RV91/
"acer Predator Helios 18 AI AI Gaming Laptop 18"" WQXGA (Intel Ultra 9-275HX, GeForce RTX 5080 16GB, 128GB DDR5, 8TB PCIe SSD, Win 11 Pro) w/USB-C Dock",acer,B0G59NRJTW,https://m.media-amazon.com/images/I/71M+ZFJyPBL._AC_UY218_.jpg,"$6,086.24 ",,18 inches,Windows 11 Pro,128 GB,0 GB,,https://www.amazon.com/acer-Predator-Helios-9-275HX-GeForce/dp/B0G59NRJTW/
"ASUS ROG Strix Scar AI Gaming Laptop 18"" 240Hz Mini LED WQXGA Display (Intel Ultra 9-275HX, GeForce RTX 5090 24GB, 32GB DDR5, Win 11 Pro) w/MS 365 Personal, DKZ USB Port Expander",ASUS,B0FCFZJJM4,https://m.media-amazon.com/images/I/71lwZswOu9L._AC_UY218_.jpg,"$6,084.99 ",,18.00 inches,Windows 11 Pro,32 GB,4 TB,,https://www.amazon.com/ASUS-Display-9-275HX-Personal-Expander/dp/B0FCFZJJM4/
"EXCaliberPC [2025] ASUS ROG Zephyrus G16 GU605CW-XS98 (Intel Core Ultra 9 285H, 64GB RAM, 16TB WD NVMe SSD, NVIDIA GeForce RTX 5080, 16"" 240Hz OLED, Windows 11 Pro) Gaming Laptop",EXCaliberPC,B0FJX2ZWT4,https://m.media-amazon.com/images/I/51w38vAv4zL._AC_UY218_.jpg,"$6,045.00 ",,16 inches,Windows 11 Pro,64 GB,16 TB,,https://www.amazon.com/EXCaliberPC-ASUS-Zephyrus-GU605CW-XS98-GeForce/dp/B0FJX2ZWT4/
"Dell Precision 7780 Workstation Laptop (2023) | 17"" 1920x1080 FHD | Core i9-13950HX - 1TB SSD Hard Drive - 64GB RAM | 24 cores @ 5.5 GHz Win 11 Pro Silver (Renewed)",Dell,B0D7QXYVR3,https://m.media-amazon.com/images/I/81gmtwhHayL._AC_UY218_.jpg,"$6,039.00 ",,17 inches,-,64 GB,-,,https://www.amazon.com/Dell-Precision-7780-Workstation-Laptop/dp/B0D7QXYVR3/
"Dell Precision 7780 Workstation Laptop (2023) | 17"" 1920x1080 FHD | Core i9-13950HX - 1TB SSD Hard Drive - 64GB RAM | 24 cores @ 5.5 GHz Win 11 Pro Silver (Renewed)",Dell,B0CCRVGQZ1,https://m.media-amazon.com/images/I/81gmtwhHayL._AC_UY218_.jpg,"$6,039.00 ",,17.00 inches,Windows 11 Pro,64.00 GB,1000 GB,,https://www.amazon.com/Dell-Precision-7780-Workstation-Laptop/dp/B0CCRVGQZ1/
"EXCaliberPC [2025] ASUS ROG Strix G16 G615LP-XS97 (Intel Core Ultra 9 275HX, 96GB DDR5 RAM, 16TB WD NVMe SSD, NVIDIA GeForce RTX 5070, 16"" 2.5K 240Hz, Windows 11 Pro) Gaming Laptop",EXCaliberPC,B0FD3F9NQ1,https://m.media-amazon.com/images/I/615EmFbhzKL._AC_UY218_.jpg,"$6,029.00 ",,16 inches,Windows 11 Pro,-,16 TB,,https://www.amazon.com/EXCaliberPC-ASUS-G615LP-XS97-GeForce-Windows/dp/B0FD3F9NQ1/
"EXCaliberPC [2025] ASUS ROG Strix G16 G615LP-XS97 (Intel Core Ultra 9 275HX, 96GB DDR5 RAM, 16TB WD NVMe SSD, NVIDIA GeForce RTX 5070, 16"" 2.5K 240Hz, Windows 11 Pro) Gaming Laptop",EXCaliberPC,B0FD3F9NQ1,https://m.media-amazon.com/images/I/615EmFbhzKL._AC_UY218_.jpg,"$6,029.00 ",,16 inches,Windows 11 Pro,-,16 TB,,https://www.amazon.com/EXCaliberPC-ASUS-G615LP-XS97-GeForce-Windows/dp/B0FD3F9NQ1/
"acer Predator Helios 18 AI AI Gaming Laptop 18"" WQXGA (Intel Ultra 9-275HX, GeForce RTX 5080 16GB, 128GB DDR5, 8TB PCIe SSD, Win 11 Pro) w/MS 365 Personal, DKZ USB Port Expander",acer,B0G5J7KGL6,https://m.media-amazon.com/images/I/71wCRX-JIGL._AC_UY218_.jpg,"$6,006.24 ",,18 inches,Windows 11 Pro,128 GB,0 GB,,https://www.amazon.com/acer-Predator-9-275HX-Personal-Expander/dp/B0G5J7KGL6/
"ASUS ROG Strix G18 (2025) Gaming Laptop, 18"" 16:10 ROG Nebula 2.5K 240Hz/3ms, NVIDIA GeForce RTX 5080, Intel Core Ultra 9 275HX, 64GB DDR5 RAM, 8TB M.2 PCIe SSD, WiFi 7, Win11 Pro - Eclipse Gray",ASUS,B0G2BCSRJT,https://m.media-amazon.com/images/I/71C+LNyoBzL._AC_UY218_.jpg,"$5,999.99 ",,18 inches,Windows 11 Pro,-,8 TB,,https://www.amazon.com/ASUS-ROG-Strix-Gaming-Laptop/dp/B0G2BCSRJT/
"Apple MacBook Pro Laptop with M5 Pro, 18‑core CPU, 40‑core GPU: Standard 16.2-inch Display, 128GB Unified Memory, 4TB SSD Storage; Space Black",Apple,B0GV1GFZFQ,https://m.media-amazon.com/images/I/61PfWcnielL._AC_UY218_.jpg,"$5,999.00 ",,16.2 inches,Mac OS,-,4 TB,,https://www.amazon.com/Apple-MacBook-Laptop-18%E2%80%91core-40%E2%80%91core/dp/B0GV1GFZFQ/
"Alienware New m15 15.6 inch FHD Gaming Laptop (Lunar Light) Intel Core i7-10750H 10th Gen, 32GB DDR4 RAM, 1TB SSD, Nvidia Geforce RTX 2080 Super 8GB GDDR6, Windows 10 Home (AWm15-7937WHT-PUS)",Alienware,B08BZX1VTS,https://m.media-amazon.com/images/I/81SS6xBc4tL._AC_UY218_.jpg,"$5,999.00 ",2.9,15 inches,Windows 10 Home,32 GB,1 TB,2,https://www.amazon.com/Alienware-i7-10750H-Geforce-Windows-AWm15-7937WHT-PUS/dp/B08BZX1VTS/
"Lenovo ThinkPad P1 Gen 6 Intel Core i9-13900H vPro, 14C, 16"" WQXGA (2560x1600) IPS 500nits, 64GB RAM, 2TB SSD, NVIDIA RTX 4090, Backlit KYB, Fingerprint Reader, Windows Pro",Lenovo,B0CDNTPGTM,https://m.media-amazon.com/images/I/616ngrdJtOL._AC_UY218_.jpg,"$5,999.00 ",5,16 inches,Windows 11 Pro,64,2 TB,2,https://www.amazon.com/Lenovo-ThinkPad-i9-13900H-2560x1600-Fingerprint/dp/B0CDNTPGTM/
"Lenovo ThinkPad P16 Gen 3 Intel Core Ultra 9 275HX, 24C, 16"" 3.2K (3200 x 2000), Tandem OLED Touch, 600 nits, 128GB RAM, 4TB SSD, NVIDIA RTX PRO 5000 Blackwell 24GB GDDR7, Backlit KYB, Windows Pro",Lenovo,B0GQJS84VY,https://m.media-amazon.com/images/I/41e6L6ZjVaL._AC_UY218_.jpg,"$5,999.00 ",,16 inches,Windows 11 Pro,-,4 TB,,https://www.amazon.com/Lenovo-ThinkPad-Blackwell-Backlit-Windows/dp/B0GQJS84VY/
"ASUS ROG Strix Scar AI Gaming Laptop 18"" 240Hz Mini LED WQXGA Display (Intel Ultra 9-275HX, GeForce RTX 5090 24GB, 32GB DDR5, Win 11 Pro) w/MS 365 Personal, DKZ USB Port Expander",ASUS,B0FCG39JJW,https://m.media-amazon.com/images/I/71lwZswOu9L._AC_UY218_.jpg,"$5,999.00 ",,18.00 inches,Windows 11 Pro,32 GB,8 TB,,https://www.amazon.com/ASUS-Display-9-275HX-Personal-Expander/dp/B0FCG39JJW/
"Dell Precision 7780 Workstation Laptop (2023) | 17"" 1920x1080 FHD | Core i9-13950HX - 1TB SSD Hard Drive - 32GB RAM - Nvidia RTX 3500 Ada | 24 cores @ 5.5 GHz - 12GB GDDR6 Win 11 Pro (Renewed)",Dell,B0D7RY1RX8,https://m.media-amazon.com/images/I/81gmtwhHayL._AC_UY218_.jpg,"$5,999.00 ",,17 inches,-,32 GB,-,,https://www.amazon.com/Dell-Precision-7780-Workstation-Laptop/dp/B0D7RY1RX8/
"Dell Precision 7780 Workstation Laptop (2023) | 17"" 1920x1080 FHD | Core i9-13950HX - 256GB SSD Hard Drive - 64GB RAM | 24 cores @ 5.5 GHz Win 11 Pro Silver (Renewed)",Dell,B0D7RR6X9J,https://m.media-amazon.com/images/I/81gmtwhHayL._AC_UY218_.jpg,"$5,999.00 ",,17 inches,-,64 GB,-,,https://www.amazon.com/Dell-Precision-7780-Workstation-Laptop/dp/B0D7RR6X9J/
"Dell Precision 7780 Workstation Laptop (2023) | 17"" 1920x1080 FHD | Core i9-13950HX - 256GB SSD Hard Drive - 64GB RAM | 24 cores @ 5.5 GHz Win 11 Pro (Renewed)",Dell,B0D4NH254V,https://m.media-amazon.com/images/I/81gmtwhHayL._AC_UY218_.jpg,"$5,999.00 ",,17 inches,Windows 11 Pro,64 GB,256 GB,,https://www.amazon.com/Dell-Precision-Workstation-1920x1080-i9-13950HX/dp/B0D4NH254V/
"Dell Precision 7780 Workstation Laptop (2023) | 17"" 1920x1080 FHD | Core i9-13950HX - 256GB SSD Hard Drive - 64GB RAM | 24 cores @ 5.5 GHz Win 11 Pro (Renewed)",Dell,B0D4NFXW5N,https://m.media-amazon.com/images/I/81gmtwhHayL._AC_UY218_.jpg,"$5,999.00 ",,17 inches,Windows 11 Pro,64 GB,256 GB,,https://www.amazon.com/Dell-Precision-Workstation-1920x1080-i9-13950HX/dp/B0D4NFXW5N/
"Dell Precision 7780 Workstation Laptop (2023) | 17"" 1920x1080 FHD | Core i9-13950HX - 1TB SSD Hard Drive - 32GB RAM - Nvidia RTX 3500 Ada | 24 cores @ 5.5 GHz - 12GB GDDR6 Win 11 Home (Renewed)",Dell,B0CKM7C8B5,https://m.media-amazon.com/images/I/81gmtwhHayL._AC_UY218_.jpg,"$5,999.00 ",,17 inches,Windows 11 Home,32 GB,1000 GB,,https://www.amazon.com/Dell-Precision-7000-Workstation-Laptop/dp/B0CKM7C8B5/
"Dell Precision 7760 Workstation Laptop | 17.3"" 3840x2160 4k | Xeon W - 11955M - 1TB SSD + 1TB SSD Hard Drive - 64GB RAM - Nvidia RTX A5000 | 8 cores @ 5 GHz - 16GB GDDR6 Win 11 Pro Silver (Renewed)",Dell,B0BW8CVBYP,https://m.media-amazon.com/images/I/81RR7rmJCoL._AC_UY218_.jpg,"$5,999.00 ",,17.30 inches,Windows 11 Pro,64.00 GB,1000 GB,,https://www.amazon.com/Dell-Precision-7760-Workstation-Laptop/dp/B0BW8CVBYP/
"Dell Precision 7760 Workstation Laptop | 17.3"" 3840x2160 4k | Xeon W - 11955M - 2TB SSD Hard Drive - 64GB RAM - Nvidia RTX A5000 | 8 cores @ 5 GHz - 16GB GDDR6 Win 11 Pro Silver (Renewed)",Dell,B0BHRFQ88K,https://m.media-amazon.com/images/I/81RR7rmJCoL._AC_UY218_.jpg,"$5,999.00 ",,17.30 inches,Windows 11 Pro,64.00 GB,2000 GB,,https://www.amazon.com/Dell-Precision-7760-Workstation-Laptop/dp/B0BHRFQ88K/
"GIGABYTE AERO 17 YE5-17.3"" 4K/UHD miniLED 120Hz, Intel Core i9-12900HK, NVIDIA GeForce RTX 3080 Ti GPU 16GB GDDR6, 32GB DDR5 RAM, 2TB SSD, Win11 Pro, Creator & Gaming Laptop (AERO 17 YE5-94US748HP)",GIGABYTE,B09TVD5CGS,https://m.media-amazon.com/images/I/716e2o-qsqL._AC_UY218_.jpg,"$5,999.00 ",,17.3,Windows 11 Pro,16 GB,2 TB,,https://www.amazon.com/GIGABYTE-AERO-17-YE5-YE5-94US748HP/dp/B09TVD5CGS/
"Dell Precision 7780 Workstation Laptop (2023) | 17"" 1920x1080 FHD | Core i9-13950HX - 1TB SSD Hard Drive - 32GB RAM - Nvidia RTX 3500 Ada | 24 cores @ 5.5 GHz - 12GB GDDR6 Win 11 Home (Renewed)",Dell,B0CKM7C8B5,https://m.media-amazon.com/images/I/81gmtwhHayL._AC_UY218_.jpg,"$5,999.00 ",,17 inches,Windows 11 Home,32 GB,1000 GB,,https://www.amazon.com/Dell-Precision-7000-Workstation-Laptop/dp/B0CKM7C8B5/
"Dell Precision 7760 Workstation Laptop | 17.3"" 3840x2160 4k | Xeon W - 11955M - 1TB SSD + 1TB SSD Hard Drive - 64GB RAM - Nvidia RTX A5000 | 8 cores @ 5 GHz - 16GB GDDR6 Win 11 Pro Silver (Renewed)",Dell,B0BW8CVBYP,https://m.media-amazon.com/images/I/81RR7rmJCoL._AC_UY218_.jpg,"$5,999.00 ",,17.30 inches,Windows 11 Pro,64.00 GB,1000 GB,,https://www.amazon.com/Dell-Precision-7760-Workstation-Laptop/dp/B0BW8CVBYP/
"Dell Precision 7760 Workstation Laptop | 17.3"" 3840x2160 4k | Xeon W - 11955M - 2TB SSD Hard Drive - 64GB RAM - Nvidia RTX A5000 | 8 cores @ 5 GHz - 16GB GDDR6 Win 11 Pro Silver (Renewed)",Dell,B0BHRFQ88K,https://m.media-amazon.com/images/I/81RR7rmJCoL._AC_UY218_.jpg,"$5,999.00 ",,17.30 inches,Windows 11 Pro,64.00 GB,2000 GB,,https://www.amazon.com/Dell-Precision-7760-Workstation-Laptop/dp/B0BHRFQ88K/
"GIGABYTE AERO 17 YE5-17.3"" 4K/UHD miniLED 120Hz, Intel Core i9-12900HK, NVIDIA GeForce RTX 3080 Ti GPU 16GB GDDR6, 32GB DDR5 RAM, 2TB SSD, Win11 Pro, Creator & Gaming Laptop (AERO 17 YE5-94US748HP)",GIGABYTE,B09TVD5CGS,https://m.media-amazon.com/images/I/716e2o-qsqL._AC_UY218_.jpg,"$5,999.00 ",,17.3,Windows 11 Pro,16 GB,2 TB,,https://www.amazon.com/GIGABYTE-AERO-17-YE5-YE5-94US748HP/dp/B09TVD5CGS/
"msi Stealth AI Gaming Laptop 18"" 4K (Intel Ultra 9-275HX, GeForce RTX 5090 24GB, 64GB DDR5, 4TB PCIe SSD, Win 11 Pro) w/USB-C Dock",msi,B0G2CYRYZ9,https://m.media-amazon.com/images/I/61IKpNrDXaL._AC_UY218_.jpg,"$5,964.99 ",,18 inches,Windows 11 Pro,64 GB,0 GB,,https://www.amazon.com/msi-Stealth-Gaming-9-275HX-GeForce/dp/B0G2CYRYZ9/
"acer Predator Helios 18 AI Gaming Laptop 18"" 250Hz 1000 nits Mini-LED WQXGA (Intel Ultra 9-275HX, GeForce RTX 5080 16GB, 128GB DDR5, 8TB SSD, 2 Thunderbolt 5, Win11Pro) w/DKZ USB Port Expander",acer,B0G4SKMQHK,https://m.media-amazon.com/images/I/715PhE056mL._AC_UY218_.jpg,"$5,931.24 ",,18 inches,Windows 11 Pro,128 GB,8 TB,,https://www.amazon.com/acer-Predator-Mini-LED-Thunderbolt-Win11Pro/dp/B0G4SKMQHK/
"ASUS ROG Strix Scar 18 AI Gaming Laptop 18"" 240Hz Mini LED WQXGA Display (Intel Ultra 9-275HX, GeForce RTX 5090 24GB, 64GB DDR5, 2x2TB PCIe SSD (4TB), RGB KB, Win 11 Pro) w/DKZ USB Port Expander",ASUS,B0FCDMTF4Y,https://m.media-amazon.com/images/I/61hjeGTuqOL._AC_UY218_.jpg,"$5,899.99 ",,18 inches,Windows 11 Pro,64 GB,4 TB,,https://www.amazon.com/ASUS-Display-9-275HX-GeForce-Expander/dp/B0FCDMTF4Y/
"Lenovo ThinkPad P15 Gen 1 Workstation Laptop (Intel i9-10885H 8-Core, 128GB RAM, 8TB PCIe SSD, RTX 3000, 15.6"" 4K Ultra HD (3840x2160) IPS, Backlit KB, FP Reader, WiFi 6, BT, Webcam, Win11Pro) w/Hub",Lenovo,B09KX6N1TW,https://m.media-amazon.com/images/I/61IfukwvifL._AC_UY218_.jpg,"$5,899.99 ",,15.6 inches,Windows 10 Pro,128.0 GB,-,,https://www.amazon.com/Lenovo-ThinkPad-Workstation-i9-10885H-3840x2160/dp/B09KX6N1TW/
"Lenovo ThinkPad P15 Gen 1 Workstation Laptop (Intel i9-10885H 8-Core, 128GB RAM, 8TB PCIe SSD, RTX 3000, 15.6"" 4K Ultra HD (3840x2160) IPS, Backlit KB, FP Reader, WiFi 6, BT, Webcam, Win10Pro) w/Hub",Lenovo,B09HSVV56G,https://m.media-amazon.com/images/I/61IfukwvifL._AC_UY218_.jpg,"$5,899.99 ",,15.6 inches,Windows 10 Pro,128.0 GB,8 TB,,https://www.amazon.com/Lenovo-ThinkPad-Workstation-i9-10885H-3840x2160/dp/B09HSVV56G/
"Dell Precision 7780 Workstation Laptop (2023) | 17"" 1920x1080 FHD | Core i9-13950HX - 256GB SSD Hard Drive - 16GB RAM - Nvidia RTX 4000 Ada | 24 cores @ 5.5 GHz - 12GB GDDR6 Win 11 Home (Renewed)",Dell,B0CSZT621P,https://m.media-amazon.com/images/I/81gmtwhHayL._AC_UY218_.jpg,"$5,899.00 ",,17.00 inches,Windows 11 Home,16.00 GB,256 GB,,https://www.amazon.com/Dell-Precision-7780-Workstation-Laptop/dp/B0CSZT621P/
"ASUS ROG Strix Scar AI Gaming Laptop 18"" 240Hz Mini LED WQXGA Display (Intel Ultra 9-275HX, GeForce RTX 5090 24GB, 32GB DDR5, Win 11 Pro) w/MS 365 Personal, DKZ USB Port Expander",ASUS,B0FCFW7LN8,https://m.media-amazon.com/images/I/71lwZswOu9L._AC_UY218_.jpg,"$5,834.99 ",,18.00 inches,Windows 11 Pro,32 GB,2 TB,,https://www.amazon.com/ASUS-Display-9-275HX-Personal-Expander/dp/B0FCFW7LN8/
"MSI Stealth AI Gaming Laptop 18"" 4K (Intel Ultra 9-275HX, GeForce RTX 5090 24GB, 64GB DDR5, 4TB PCIe SSD, Win 11 Pro)",MSI,B0G22VGRPV,https://m.media-amazon.com/images/I/61QWoKQzB5L._AC_UY218_.jpg,"$5,799.99 ",,,,64 GB,0 GB,,https://www.amazon.com/Stealth-Gaming-Laptop-9-275HX-GeForce/dp/B0G22VGRPV/
"msi Stealth AI Gaming Laptop 18"" 4K (Intel Ultra 9-275HX, GeForce RTX 5090 24GB, 64GB DDR5, 8TB PCIe SSD, Win 11 Pro) w/DKZ USB Port Expander",msi,B0G1VJ2XSV,https://m.media-amazon.com/images/I/61gOZBLKfoL._AC_UY218_.jpg,"$5,799.99 ",,18 inches,Windows 11 Pro,64 GB,8 TB,,https://www.amazon.com/msi-Stealth-9-275HX-GeForce-Expander/dp/B0G1VJ2XSV/
"Lenovo ThinkPad P16 Gen 3 Intel Core Ultra 9 275HX, 24C, 16"" 3.2K (3200 x 2000), Tandem OLED Touch, 600 nits, 128GB RAM, 2TB SSD, NVIDIA RTX PRO 5000 Blackwell 24GB GDDR7, Backlit KYB, Windows Pro",Lenovo,B0GQJMF7N4,https://m.media-amazon.com/images/I/41e6L6ZjVaL._AC_UY218_.jpg,"$5,799.00 ",,16 inches,Windows 11 Pro,-,2 TB,,https://www.amazon.com/Lenovo-ThinkPad-Blackwell-Backlit-Windows/dp/B0GQJMF7N4/
"Dell Precision 7760 Workstation Laptop | 17.3"" 3840x2160 4k | Xeon W - 11955M - 512GB SSD + 512GB SSD Hard Drive - 64GB RAM - Nvidia RTX A5000 | 8 cores @ 5 GHz - 16GB GDDR6 Win 11 Pro (Renewed)",Dell,B0C1XVYP25,https://m.media-amazon.com/images/I/81RR7rmJCoL._AC_UY218_.jpg,"$5,799.00 ",,17.3 inches,Windows 11 Pro,64 GB,512 GB,,https://www.amazon.com/Dell-Precision-7760-Workstation-Laptop/dp/B0C1XVYP25/
"Dell Precision 7760 Workstation Laptop | 17.3"" 3840x2160 4k | Xeon W - 11955M - 1TB SSD Hard Drive - 64GB RAM - Nvidia RTX A5000 | 8 cores @ 5 GHz - 16GB GDDR6 Win 11 Pro Silver (Renewed)",Dell,B0BLGBRZNT,https://m.media-amazon.com/images/I/81RR7rmJCoL._AC_UY218_.jpg,"$5,799.00 ",,17.30 inches,Windows 11 Pro,64.00 GB,1000 GB,,https://www.amazon.com/Dell-Precision-7760-Workstation-Laptop/dp/B0BLGBRZNT/
"ASUS ROG Strix Scar 18 AI Gaming Laptop 18"" 240Hz Mini LED WQXGA Display (Intel Ultra 9-275HX, GeForce RTX 5090 24GB, 32GB DDR5, 2x1TB PCIe SSD (2TB), RGB KB, Win 11 Pro) w/DKZ USB Port Expander",ASUS,B0FCDLGVLK,https://m.media-amazon.com/images/I/61hjeGTuqOL._AC_UY218_.jpg,"$5,759.99 ",,18 inches,Windows 11 Pro,32 GB,0 GB,,https://www.amazon.com/ASUS-Display-9-275HX-GeForce-Expander/dp/B0FCDLGVLK/
"ASUS ROG Strix Scar AI Gaming Laptop 18"" 240Hz Mini LED WQXGA Display (Intel Ultra 9-275HX, GeForce RTX 5090 24GB, 32GB DDR5, Win 11 Pro) w/MS 365 Personal, DKZ USB Port Expander",ASUS,B0FCFYR9N3,https://m.media-amazon.com/images/I/71lwZswOu9L._AC_UY218_.jpg,"$5,734.99 ",,18.00 inches,Windows 11 Pro,32 GB,4 TB,,https://www.amazon.com/ASUS-Display-9-275HX-Personal-Expander/dp/B0FCFYR9N3/
"ROG Zephyrus G16 (2024) Gaming Laptop, 16"" Nebula Display, 2.5K 240Hz/0.2ms OLED Panel, 100% DCI-P3, NVIDIA® GeForce RTX™ 5070Ti, Intel® Core™ Ultra 9, 64GB, 2TB, White",ROG,B0DYWPGRJH,https://m.media-amazon.com/images/I/61qDqq+Dl7L._AC_UY218_.jpg,"$5,734.98 ",,16.0 inches,Windows 11 Pro,-,2 TB,,https://www.amazon.com/Zephyrus-Gaming-Display-NVIDIA%C2%AE-GeForce/dp/B0DYWPGRJH/
"Dell Precision 7780 Workstation Laptop (2023) | 17"" 1920x1080 FHD | Core i9-13950HX - 256GB SSD Hard Drive - 64GB RAM | 24 cores @ 5.5 GHz Win 11 Pro Silver (Renewed)",Dell,B0D7QWCH63,https://m.media-amazon.com/images/I/81gmtwhHayL._AC_UY218_.jpg,"$5,729.00 ",,17 inches,-,64 GB,-,,https://www.amazon.com/Dell-Precision-7780-Workstation-Laptop/dp/B0D7QWCH63/
"ASUS ROG Strix Scar AI Gaming Laptop 18"" 240Hz Mini LED WQXGA Display (Intel Ultra 9-275HX, GeForce RTX 5080 16GB, 64GB DDR5, 8TB PCIe SSD, RGB KB, 2 Thunderbolt 5, Win 11 Pro) w/USB-C Dock",ASUS,B0FCM59VF4,https://m.media-amazon.com/images/I/81vqKqm7+-L._AC_UY218_.jpg,"$5,724.99 ",,18.00 inches,Windows 11 Pro,64 GB,8 TB,,https://www.amazon.com/ASUS-Display-9-275HX-GeForce-Thunderbolt/dp/B0FCM59VF4/
"Lenovo ThinkPad P15 Workstation FHD & IPS Laptop (Intel i7-10750H 6-Core, 32GB RAM, 2x8TB PCIe SSD, Quadro T1000, 15.6"", (1920x1080), FP Reader, WiFi 6, Bluetooth, Backlit KB, Webcam, Win11P) w/Hub…",Lenovo,B09KSC4DC9,https://m.media-amazon.com/images/I/61qJY3FgDiL._AC_UY218_.jpg,"$5,699.99 ",,15.6 inches,P:Windows 11 Pro,32 GB,8 TB,,https://www.amazon.com/Lenovo-Workstation-i7-10750H-1920x1080-Bluetooth/dp/B09KSC4DC9/
"Lenovo ThinkPad P15 Workstation FHD & IPS Laptop (Intel i7-10750H 6-Core, 32GB RAM, 2x8TB PCIe SSD, Quadro T1000, 15.6"", (1920x1080), FP Reader, WiFi 6, Bluetooth, Backlit KB, Webcam, Win10P) w/Hub…",Lenovo,B09JX275D7,https://m.media-amazon.com/images/I/61qJY3FgDiL._AC_UY218_.jpg,"$5,699.99 ",,15.6 inches,Windows 10 Pro,32 GB,-,,https://www.amazon.com/Lenovo-Workstation-i7-10750H-1920x1080-Bluetooth/dp/B09JX275D7/
"New ThinkPad P17 (17”) Gen 2 Mobile Workstation 11th Gen Intel Core i9-11950H vPro 5.0 GHz 8 core RTX A5000 Max-Q 16GB 17.3"" 4K UHD IPS, Anti-Glare 500 nits Display (4TB SSD|128GB RAM|WIN 11 PRO)",New,B0963KFFH5,https://m.media-amazon.com/images/I/713rdxbWlRL._AC_UY218_.jpg,"$5,699.99 ",,17.3 inches,Windows 11 Pro,-,4 TB,,https://www.amazon.com/ThinkPad-P17-Gen-Workstation-Anti-Glare/dp/B0963KFFH5/
"New Alien.Ware Area-51 Gaming Laptop 18.0"" WQXGA 300Hz Display 24-Cores Ultra 9 275HX 64GB RAM 8TB SSD(2 x 4 TB) Geforce RTX 5090 24GB GDDR7 CherryMX Keyboard 4K Cam Wi-Fi 7 Thunderbolt 5 Win 11Home",New,B0FC1L3MD7,https://m.media-amazon.com/images/I/61a8xIc2gJL._AC_UY218_.jpg,"$5,699.00 ",5,18 inches,Windows 11 Home,64 GB,8 TB,3,https://www.amazon.com/Alien-Ware-Gaming-Laptop-CherryMX-Thunderbolt/dp/B0FC1L3MD7/
"Dell Precision 7780 Workstation Laptop (2023) | 17"" 1920x1080 FHD | Core i9-13950HX - 1TB SSD Hard Drive - 64GB RAM - Nvidia RTX 3500 Ada | 24 cores @ 5.5 GHz - 12GB GDDR6 Win 11 Pro (Renewed)",Dell,B0DG96F59B,https://m.media-amazon.com/images/I/81gmtwhHayL._AC_UY218_.jpg,"$5,699.00 ",,17 inches,-,64 GB,-,,https://www.amazon.com/Dell-Precision-7780-Workstation-Laptop/dp/B0DG96F59B/
"Dell Precision 7780 Workstation Laptop (2023) | 17"" 1920x1080 FHD | Core i9-13950HX - 1TB SSD Hard Drive - 64GB RAM - Nvidia RTX 3500 Ada | 24 cores @ 5.5 GHz - 12GB GDDR6 Win 11 Pro (Renewed)",Dell,B0D7RWFX4F,https://m.media-amazon.com/images/I/81gmtwhHayL._AC_UY218_.jpg,"$5,699.00 ",,17 inches,-,64 GB,-,,https://www.amazon.com/Dell-Precision-7780-Workstation-Laptop/dp/B0D7RWFX4F/
"Dell Precision 7780 Workstation Laptop (2023) | 17"" 1920x1080 FHD | Core i9-13950HX - 1TB SSD Hard Drive - 64GB RAM - Nvidia RTX 3500 Ada | 24 cores @ 5.5 GHz - 12GB GDDR6 Win 11 Pro (Renewed)",Dell,B0D7RGNKGZ,https://m.media-amazon.com/images/I/81gmtwhHayL._AC_UY218_.jpg,"$5,699.00 ",,17 inches,-,64 GB,-,,https://www.amazon.com/Dell-Precision-7780-Workstation-Laptop/dp/B0D7RGNKGZ/
"Dell Precision 7780 Workstation Laptop (2023) | 17"" 1920x1080 FHD | Core i9-13950HX - 1TB SSD Hard Drive - 64GB RAM - Nvidia RTX 3500 Ada | 24 cores @ 5.5 GHz - 12GB GDDR6 Win 11 Pro (Renewed)",Dell,B0CKNTL2TS,https://m.media-amazon.com/images/I/81gmtwhHayL._AC_UY218_.jpg,"$5,699.00 ",,17.00 inches,Windows 11 Pro,64.00 GB,1000 GB,,https://www.amazon.com/Dell-Precision-7780-Workstation-Laptop/dp/B0CKNTL2TS/
"MSI Vector AI Gaming Laptop 16.0"" 240Hz WQXGA Display (Intel Ultra 9-275HX, GeForce RTX 5070 Ti 12GB, 64GB DDR5, Win 11 Pro) w/MS 365 Personal, DKZ USB Port Expander",MSI,B0F7HYS9QX,https://m.media-amazon.com/images/I/61GqnoVL8wL._AC_UY218_.jpg,"$5,698.99 ",,16.00 inches,Windows 11 Pro,64 GB,16 TB,,https://www.amazon.com/MSI-Display-9-275HX-Personal-Expander/dp/B0F7HYS9QX/
"EXCaliberPC [2025] MSI Vector A18 HX A9WIG-076US (AMD Ryzen 9 9955HX, 64GB DDR5 RAM, 2X 8TB NVMe SSD, NVIDIA GeForce RTX 5080, 18"" QHD+ 240Hz, Windows 11 Pro) Gaming Laptop",EXCaliberPC,B0F8JB3D1T,https://m.media-amazon.com/images/I/61g5AG7N5PL._AC_UY218_.jpg,"$5,695.00 ",,18 inches,Windows 11 Pro,-,16 TB,,https://www.amazon.com/EXCaliberPC-MSI-Vector-A18-A9WIG-076US/dp/B0F8JB3D1T/
"ASUS ROG Strix Scar AI Gaming Laptop 18"" 240Hz Mini LED WQXGA Display (Intel Ultra 9-275HX, GeForce RTX 5090 24GB, 64GB DDR5, Win 11 Pro) w/MS 365 Personal, DKZ USB Port Expander",ASUS,B0FCFZVZQR,https://m.media-amazon.com/images/I/71lwZswOu9L._AC_UY218_.jpg,"$5,694.99 ",,18.00 inches,Windows 11 Pro,64 GB,2 TB,,https://www.amazon.com/ASUS-Display-9-275HX-Personal-Expander/dp/B0FCFZVZQR/
"ASUS ROG Strix Scar 18 AI Gaming Laptop 18"" 240Hz Mini LED WQXGA Display (Intel Ultra 9-275HX, GeForce RTX 5090 24GB, 32GB DDR5, 2x2TB PCIe SSD (4TB), RGB KB, Win 11 Pro) w/DKZ USB Port Expander",ASUS,B0FCDMBTYY,https://m.media-amazon.com/images/I/61hjeGTuqOL._AC_UY218_.jpg,"$5,659.99 ",,18 inches,Windows 11 Pro,32 GB,0 GB,,https://www.amazon.com/ASUS-Display-9-275HX-GeForce-Expander/dp/B0FCDMBTYY/
"EXCaliberPC [2025] ASUS ROG Strix G18 G815LP-XS97 (Intel Core Ultra 9 275HX, 64GB DDR5 RAM, 16TB WD NVMe SSD, NVIDIA GeForce RTX 5070, 18"" 2.5K 240Hz, Windows 11 Pro) Gaming Laptop",EXCaliberPC,B0FDH5KXD2,https://m.media-amazon.com/images/I/61cgF2XvE7L._AC_UY218_.jpg,"$5,629.00 ",,18 inches,Windows 11 Pro,64 GB,16 TB,,https://www.amazon.com/EXCaliberPC-ASUS-G815LP-XS97-GeForce-Windows/dp/B0FDH5KXD2/
"Lenovo ThinkPad P1 Gen 8 21Q8001UUS 16"" Touchscreen Mobile Workstation - 3.2K - 120 Hz - Intel Core Ultra 7 255H - Intel Evo Platform - 32 GB - 1 TB SSD - English Keyboard - Black",Lenovo,B0GJSC2T2K,https://m.media-amazon.com/images/I/61rzPEKFZOL._AC_UY218_.jpg,"$5,623.42 ",,16 inches,Windows 11 Pro,32 GB,1 TB,,https://www.amazon.com/Lenovo-ThinkPad-21Q8001UUS-Touchscreen-Workstation/dp/B0GJSC2T2K/
"ASUS ROG Strix G18 (2025) Gaming Laptop, 18"" 2.5K 240Hz 16:10 Display Laptop, NVIDIA GeForce RTX 5080, Intel Core Ultra 9 275HX, 64GB DDR5 RAM, 8TB M.2 PCIe SSD, WiFi 7, Win11 Pro - Eclipse Gray",ASUS,B0F7XQ214S,https://m.media-amazon.com/images/I/61Tou3iWTEL._AC_UY218_.jpg,"$5,599.99 ",,18 inches,Windows 11 Pro,64 GB,8 TB,,https://www.amazon.com/ASUS-Strix-Gaming-Laptop-240Hz/dp/B0F7XQ214S/
"MSI WS76 Workstation Laptop: 17.3"" 144Hz FHD 1080p, Intel Core i9-11900H, NVIDIA Quadro RTX A5000, 64GB, 1TB SSD, Thunderbolt 4, WiFi 6E, TPM2.0 Fingerprint, Win10 PRO, Black (11UM-468)",MSI,B098WRWFKB,https://m.media-amazon.com/images/I/51dQxX5NF6L._AC_UY218_.jpg,"$5,599.00 ",1.9,17.3 inches,Windows 10 Pro,64 GB,1 TB,4,https://www.amazon.com/MSI-WS76-Workstation-Laptop-Thunderbolt/dp/B098WRWFKB/
"ASUS ROG Strix Scar AI Gaming Laptop 18"" 240Hz Mini LED WQXGA Display (Intel Ultra 9-275HX, GeForce RTX 5080 16GB, 32GB DDR5, Win 11 Pro) w/MS 365 Personal, DKZ USB Port Expander",ASUS,B0FCFZLR81,https://m.media-amazon.com/images/I/61NL9vo2y3L._AC_UY218_.jpg,"$5,584.99 ",,18.00 inches,Windows 11 Pro,32 GB,8 TB,,https://www.amazon.com/ASUS-Display-9-275HX-Personal-Expander/dp/B0FCFZLR81/
"ASUS ROG Strix Scar AI Gaming Laptop 18"" 240Hz Mini LED WQXGA Display (Intel Ultra 9-275HX, GeForce RTX 5080 16GB, 32GB DDR5, 2x4TB PCIe SSD (8TB), RGB KB, Win 11 Pro) w/DKZ USB Port Expander",ASUS,B0FCDM6RTC,https://m.media-amazon.com/images/I/61ZPnIEt4dL._AC_UY218_.jpg,"$5,509.99 ",,18 inches,Windows 11 Pro,32 GB,8 TB,,https://www.amazon.com/ASUS-Display-9-275HX-GeForce-Expander/dp/B0FCDM6RTC/
"New ThinkPad P17 (17”) Gen 2 Mobile Workstation 11th Gen Intel Core i9-11950H vPro 5.0 GHz 8 core RTX A5000 Max-Q 16GB 17.3"" 4K UHD IPS, Anti-Glare 500 nits Display (2TB SSD|128GB RAM|Win 10 Pro)",New,B09RKMD12D,https://m.media-amazon.com/images/I/71j5hqdYAML._AC_UY218_.jpg,"$5,499.99 ",,17.3 inches,Windows 10 Pro,-,-,,https://www.amazon.com/P17-Gen-Workstation-i9-11950H-Anti-Glare/dp/B09RKMD12D/
"Lenovo Legion Pro High-Performance i9 Gaming Laptop, 16"" WQXGA 240Hz, Intel Core i9-14900HX, NVIDIA GeForce RTX 4090, 64GB DDR5 RAM, 2TB SSD, HDMI, RGB Backlit KB, Webcam, Wi-Fi 6, Win 11 Pro",Lenovo,B0D2PHSHFP,https://m.media-amazon.com/images/I/71lqSQ4FHTL._AC_UY218_.jpg,"$5,499.00 ",,16 inches,Windows 11 Pro,64 GB,2 TB,,https://www.amazon.com/Lenovo-Legion-High-Performance-i9-14900HX-GeForce/dp/B0D2PHSHFP/
"NewLenovo ThinkPad P16 Gen 2 Mobile Workstation (16"" WQUXGA 4K+ (3840 x 2400), Intel Core i9-13980HX 24Core, 128GB RAM 8TB SSD, RTX 4000 Ada) Laptop for Engineer Designer Architect, AI PC Win 11 Pro",NewLenovo,B0DTST71LV,https://m.media-amazon.com/images/I/71BL9BRsplL._AC_UY218_.jpg,"$5,499.00 ",,16,Windows 11 Pro,-,8 TB,,https://www.amazon.com/NewLenovo-ThinkPad-Workstation-i9-13980HX-Architect/dp/B0DTST71LV/
"NewLenovo ThinkPad P16 Gen 2 Mobile Workstation (16"" WQUXGA 4K+ (3840 x 2400), Intel Core i9-13980HX 24C, 128GB RAM 8TB SSD, RTX 4000 Ada) Laptop for Engineer Designer Architect, USB HUB, Win 11 Pro",NewLenovo,B0DYD48CFP,https://m.media-amazon.com/images/I/71Ac-9sWJ7L._AC_UY218_.jpg,"$5,499.00 ",3.3,16 inches,Windows 11 Pro,-,8 TB,3,https://www.amazon.com/NewLenovo-ThinkPad-Workstation-i9-13980HX-Architect/dp/B0DYD48CFP/
"NewLenovo ThinkPad P16 Gen 2 Mobile Workstation (16"" WQUXGA 4K+ (3840 x 2400), Intel Core i9-13980HX 24C, 128GB RAM 8TB SSD, RTX 4000 Ada) Laptop for Engineer Designer Architect, USB HUB, Win 11 Pro",NewLenovo,B0DYD48CFP,https://m.media-amazon.com/images/I/71Ac-9sWJ7L._AC_UY218_.jpg,"$5,499.00 ",3.3,16 inches,Windows 11 Pro,-,8 TB,3,https://www.amazon.com/NewLenovo-ThinkPad-Workstation-i9-13980HX-Architect/dp/B0DYD48CFP/
"NewLenovo ThinkPad P16 Gen 2 Mobile Workstation (16"" WQUXGA 4K+ (3840 x 2400), Core i9-13980HX 24Core, 128GB DDR5 RAM 8TB SSD, RTX 4000 Ada 12GB) Laptop for Engineer Designer Architect, Win 11 Pro",NewLenovo,B0GJ5PHSYD,https://m.media-amazon.com/images/I/71cz6vBnCVL._AC_UY218_.jpg,"$5,499.00 ",,16 inches,-,-,8 TB,,https://www.amazon.com/NewLenovo-ThinkPad-Workstation-i9-13980HX-Architect/dp/B0GJ5PHSYD/
"Dell Precision 7000 7780 Workstation Laptop (2023) | 17"""" FHD | Core i9-2TB SSD Hard Drive - 64GB RAM - 3500 Ada | 24 Cores @ 5.5 GHz - 13th Gen CPU - 12GB GDDR6 Win 11 Pro, Silver (Renewed)",Dell,B0D16X1YBW,https://m.media-amazon.com/images/I/81gmtwhHayL._AC_UY218_.jpg,"$5,499.00 ",,17 inches,-,64 GB,-,,https://www.amazon.com/Dell-Precision-7780-Workstation-Laptop/dp/B0D16X1YBW/
"Dell Precision 7760 Workstation Laptop | 17.3"" 3840x2160 4k | Xeon W - 11955M - 1TB SSD Hard Drive - 32GB RAM - Nvidia RTX A5000 | 8 cores @ 5 GHz - 16GB GDDR6 Win 11 Pro Silver (Renewed)",Dell,B0BLGBBDFW,https://m.media-amazon.com/images/I/81RR7rmJCoL._AC_UY218_.jpg,"$5,499.00 ",,17.30 inches,Windows 11 Pro,32.00 GB,1000 GB,,https://www.amazon.com/Dell-Precision-7760-Workstation-Laptop/dp/B0BLGBBDFW/
"MSI WS66 11UKT Gaming & Business Laptop (Intel i9-11900H 8-Core, 32GB RAM, 8TB PCIe SSD, 15.6"" Touch Full HD (1920x1080), Quadro RTX A3000, Fingerprint, WiFi, Bluetooth, Win 10 Pro)",MSI,B09NDMKRCN,https://m.media-amazon.com/images/I/61YCR5gcv+S._AC_UY218_.jpg,"$5,499.00 ",,15.60 inches,Windows 10 Pro,32 GB,8 TB,,https://www.amazon.com/Business-i9-11900H-1920x1080-Fingerprint-Bluetooth/dp/B09NDMKRCN/
"Lenovo ThinkPad P1 Gen 7 Workstation Laptop - Intel 14th Gen Ultra 9 185H 16C, NVIDIA GeForce RTX 4070, 64GB RAM, 2 TB NVMe SSD, 16"" QHD+ WQXGA 500-nits 165Hz, Windows 11 Pro",Lenovo,B0DR2YVFVN,https://m.media-amazon.com/images/I/61iig8gTL3L._AC_UY218_.jpg,"$5,498.00 ",5,16 inches,Windows 11 Pro,-,2 TB,6,https://www.amazon.com/Lenovo-ThinkPad-Gen-Workstation-Laptop/dp/B0DR2YVFVN/
"EXCaliberPC [2025] MSI Vector 16 HX AI A2XWIG-400US Pro Extreme (Intel Core Ultra 9 275HX, 96GB DDR5 RAM, 8TB NVMe SSD, NVIDIA GeForce RTX 5080, 16"" QHD+ 240Hz, Windows 11) Gaming Laptop",EXCaliberPC,B0FS1H16KM,https://m.media-amazon.com/images/I/61UNRajjMuL._AC_UY218_.jpg,"$5,485.00 ",,16 inches,Windows 11 Home,96 GB,8 TB,,https://www.amazon.com/EXCaliberPC-MSI-Vector-16-A2XWIG-400US/dp/B0FS1H16KM/
"Lenovo ThinkPad T1g Gen 8 21TD000UUS 16"" Notebook - WQUXGA - 60 Hz - Intel Core Ultra 9 2nd Gen 285H - vPro Technology - Intel Evo Platform - 32 GB - 1 TB SSD - English Keyboard - Black",Lenovo,B0GH2MNVZ9,https://m.media-amazon.com/images/I/71Yw00CqQ+L._AC_UY218_.jpg,"$5,483.85 ",,16 inches,Windows 11 Pro,32 GB,1 TB,,https://www.amazon.com/Lenovo-ThinkPad-T1g-21TD000UUS-Notebook/dp/B0GH2MNVZ9/
"ASUS ROG Strix G16 G614 AI Gaming Laptop 16.0"" 165Hz IPS WUXGA Display (AMD Ryzen 9 8940HX, GeForce RTX 5070 Ti 12GB, 64GB DDR5, 8TB PCIe SSD, RGB KB, Win 11 Pro) w/DKZ USB Hub - G614PR-G16.R95070TI",ASUS,B0FKPC6YHW,https://m.media-amazon.com/images/I/71XYWb2x7xL._AC_UY218_.jpg,"$5,395.99 ",,16 inches,Windows 11 Pro,64 GB,8 TB,,https://www.amazon.com/ASUS-Gaming-Laptop-Display-GeForce/dp/B0FKPC6YHW/
"ASUS ROG Strix Scar AI Gaming Laptop 18"" 240Hz Mini LED WQXGA Display (Intel Ultra 9-275HX, GeForce RTX 5080 16GB, 64GB DDR5, 8TB PCIe SSD, RGB KB, Win 11 Pro) w/DKZ USB Port Expander",ASUS,B0FCDMLSR2,https://m.media-amazon.com/images/I/71oqvuNn+8L._AC_UY218_.jpg,"$5,379.99 ",,18 inches,Windows 11 Pro,64 GB,8 TB,,https://www.amazon.com/ASUS-Display-9-275HX-GeForce-Expander/dp/B0FCDMLSR2/
"acer Predator Helios 18 AI AI Gaming Laptop 18"" WQXGA (Intel Ultra 9-275HX, GeForce RTX 5080 16GB, 64GB DDR5, 8TB PCIe SSD, Win 11 Pro) w/USB-C Dock",acer,B0G59BS5FC,https://m.media-amazon.com/images/I/71M+ZFJyPBL._AC_UY218_.jpg,"$5,366.24 ",,18 inches,Windows 11 Pro,64 GB,8 TB,,https://www.amazon.com/acer-Predator-Helios-9-275HX-GeForce/dp/B0G59BS5FC/
"ASUS ROG Strix G16 G614 AI Gaming Laptop 16.0"" 165Hz IPS WUXGA Display (AMD Ryzen 9 8940HX, GeForce RTX 5070 Ti 12GB, 64GB DDR5, 8TB PCIe SSD, RGB KB, Win 11 Home) w/DKZ USB Hub - G614PR-G16.R95070TI",ASUS,B0FKPSX4R4,https://m.media-amazon.com/images/I/71XYWb2x7xL._AC_UY218_.jpg,"$5,343.99 ",,16 inches,Windows 11 Home,64 GB,0 GB,,https://www.amazon.com/ASUS-Gaming-Laptop-Display-GeForce/dp/B0FKPSX4R4/
"ASUS ROG Strix G16 G614 AI Gaming Laptop 16.0"" 165Hz IPS WUXGA Display (AMD Ryzen 9 8940HX, GeForce RTX 5070 Ti 12GB, 64GB DDR5, 8TB PCIe SSD, RGB KB, Win 11 Home) w/DKZ USB Hub - G614PR-G16.R95070TI",ASUS,B0FKPSX4R4,https://m.media-amazon.com/images/I/71XYWb2x7xL._AC_UY218_.jpg,"$5,343.99 ",,16 inches,Windows 11 Home,64 GB,0 GB,,https://www.amazon.com/ASUS-Gaming-Laptop-Display-GeForce/dp/B0FKPSX4R4/
"msi Stealth AI Gaming Laptop 18"" 4K (Intel Ultra 9-275HX, GeForce RTX 5090 24GB, 64GB DDR5, 4TB PCIe SSD, Win 11 Pro) w/DKZ USB Port Expander",msi,B0G1VCW6LR,https://m.media-amazon.com/images/I/61gOZBLKfoL._AC_UY218_.jpg,"$5,299.99 ",,18 inches,Windows 11 Pro,64 GB,4000 GB,,https://www.amazon.com/msi-Stealth-9-275HX-GeForce-Expander/dp/B0G1VCW6LR/
"ASUS ROG Strix-G18 (2025) Gaming Laptop - NVIDIA GeForce RTX5080 16GB GDDR7, Intel Ultra 9 275HX(Up to 5.4GHz), 18” ROG 2.5K 240Hz, Windows 11 Pro, Office Lifetime License(64 GB DDR5 RAM 8 TB SSD)",ASUS,B0F6VGPGDS,https://m.media-amazon.com/images/I/71M+lGz9poL._AC_UY218_.jpg,"$5,299.99 ",4.5,18 inches,Windows 11 Pro,-,8 TB,63,https://www.amazon.com/ASUS-ROG-Strix-G18-Gaming-Laptop/dp/B0F6VGPGDS/
"Lenovo ThinkPad P17 Gen 2 Workstation Laptop (Intel i9-11950H vPro 8-Core, 64GB RAM, 2x4TB PCIe SSD RAID 1 (4TB), RTX A2000, 17.3"" 60Hz Full HD (1920x1080), Win 11 Pro) with Dockztorm Hub",Lenovo,B0BG8WW6SC,https://m.media-amazon.com/images/I/71ls3Ghmj2L._AC_UY218_.jpg,"$5,299.99 ",,17.3 inches,Windows 11 Pro,64 GB,-,,https://www.amazon.com/Lenovo-ThinkPad-Workstation-i9-11950H-Win11Pro/dp/B0BG8WW6SC/
"Lenovo ThinkPad P15 Gen 1 Workstation Laptop (Intel i9-10885H 8-Core, 64GB RAM, 8TB PCIe SSD, RTX 3000, 15.6"" 4K Ultra HD (3840x2160) IPS, Backlit KB, FP Reader, WiFi 6, BT, Webcam, Win10Pro) w/Hub",Lenovo,B09KX88J3V,https://m.media-amazon.com/images/I/61IfukwvifL._AC_UY218_.jpg,"$5,299.99 ",,15.6 inches,Windows 11 Pro,64 GB,-,,https://www.amazon.com/Lenovo-ThinkPad-Workstation-i9-10885H-3840x2160/dp/B09KX88J3V/
"Lenovo ThinkPad P15 Workstation Laptop (Intel i9-10885H 8-Core, 128GB RAM, 8TB PCIe SSD, Quadro T2000, 15.6"" Full HD (1920x1080), Fingerprint, WiFi, Bluetooth, Webcam, Win 11 Pro) with Hub",Lenovo,B09KSBF8BB,https://m.media-amazon.com/images/I/517g4Xzh+rL._AC_UY218_.jpg,"$5,299.99 ",,15.6 inches,Windows 11 Pro,128 GB,8 TB,,https://www.amazon.com/Lenovo-Workstation-i9-10885H-1920x1080-Fingerprint/dp/B09KSBF8BB/
"Lenovo ThinkPad P15 Workstation Laptop (Intel i9-10885H 8-Core, 128GB RAM, 8TB PCIe SSD, Quadro T2000, 15.6"" Full HD (1920x1080), Fingerprint, WiFi, Bluetooth, Webcam, Win 10 Pro) with Hub",Lenovo,B09KKPG6B8,https://m.media-amazon.com/images/I/517g4Xzh+rL._AC_UY218_.jpg,"$5,299.99 ",,15.6 inches,Windows 10 Pro,128 GB,8 TB,,https://www.amazon.com/Lenovo-Workstation-i9-10885H-1920x1080-Fingerprint/dp/B09KKPG6B8/
"Lenovo ThinkPad P15 Gen 1 Workstation Laptop (Intel i9-10885H 8-Core, 64GB RAM, 8TB PCIe SSD, RTX 3000, 15.6"" 4K Ultra HD (3840x2160) IPS, Backlit KB, FP Reader, WiFi 6, BT, Webcam, Win10Pro) w/Hub",Lenovo,B09HSVM4D3,https://m.media-amazon.com/images/I/61IfukwvifL._AC_UY218_.jpg,"$5,299.99 ",,15.6 inches,Windows 10 Pro,64 GB,-,,https://www.amazon.com/Lenovo-ThinkPad-Workstation-i9-10885H-3840x2160/dp/B09HSVM4D3/
"acer Predator 16 AI 16"" WQXGA Gaming Laptop, Intel Core Ultra 9-275HX, Geforce RTX 5090, 64GB RAM, 5TB Storage(4TB SSD+1TB Docking Station Set), Per-Key RGB Keyboard, Wi-Fi 7, Win11 Pro, Black",acer,B0GTTYGTPM,https://m.media-amazon.com/images/I/81-qf5AAXHL._AC_UY218_.jpg,"$5,299.00 ",,16 inches,Windows 11 Pro,64 GB,4 TB,,https://www.amazon.com/acer-Predator-16-AI-Keyboard/dp/B0GTTYGTPM/
"acer Predator 16 AI 16"" WQXGA Gaming Laptop, Intel Core Ultra 9-275HX, Geforce RTX 5090, 64GB RAM, 5TB Storage(4TB SSD+1TB Docking Station Set), Per-Key RGB Keyboard, Wi-Fi 7, Win 11, Black",acer,B0GTSMGQ7Z,https://m.media-amazon.com/images/I/81Y6A9s0pLL._AC_UY218_.jpg,"$5,299.00 ",,16 inches,Windows 11,64 GB,4 TB,,https://www.amazon.com/acer-Predator-16-AI-Keyboard/dp/B0GTSMGQ7Z/
"Dell Precision 7780 Workstation Laptop (2023) | 17"" 1920x1080 FHD | Core i9-13950HX - 1TB SSD Hard Drive - 64GB RAM - Nvidia RTX 3500 Ada | 24 cores @ 5.5 GHz - 12GB GDDR6 Win 11 Home (Renewed)",Dell,B0CKL77VFM,https://m.media-amazon.com/images/I/81gmtwhHayL._AC_UY218_.jpg,"$5,299.00 ",,17 inches,Windows 11 Home,64 GB,1000 GB,,https://www.amazon.com/Dell-Precision-7780-Workstation-Laptop/dp/B0CKL77VFM/
"Dell Precision 7760 Workstation Laptop | 17.3"" 3840x2160 4k | Xeon W - 11955M - 512GB SSD + 512GB SSD Hard Drive - 8GB RAM - Nvidia RTX A5000 | 8 cores @ 5 GHz - 16GB GDDR6 Win 11 Pro Silver (Renewed)",Dell,B0BW8FY8KD,https://m.media-amazon.com/images/I/81RR7rmJCoL._AC_UY218_.jpg,"$5,299.00 ",,17.30 inches,Windows 11 Pro,8.00 GB,512 GB,,https://www.amazon.com/Dell-Precision-7760-Workstation-Laptop/dp/B0BW8FY8KD/
"acer Predator Helios 18 AI AI Gaming Laptop 18"" WQXGA (Intel Ultra 9-275HX, GeForce RTX 5080 16GB, 64GB DDR5, 8TB PCIe SSD, Win 11 Pro) w/MS 365 Personal, DKZ USB Port Expander",acer,B0G5HWYSXQ,https://m.media-amazon.com/images/I/71wCRX-JIGL._AC_UY218_.jpg,"$5,286.24 ",,18 inches,Windows 11 Pro,64 GB,0 GB,,https://www.amazon.com/acer-Predator-9-275HX-Personal-Expander/dp/B0G5HWYSXQ/
"acer Predator Helios 18 AI Gaming Laptop 18"" 250Hz 1000 nits Mini-LED WQXGA (Intel Ultra 9-275HX, GeForce RTX 5080 16GB, 64GB DDR5, 8TB SSD, 2 Thunderbolt 5, Win 11 Pro) w/DKZ USB Port Expander",acer,B0G4SLRRDV,https://m.media-amazon.com/images/I/715PhE056mL._AC_UY218_.jpg,"$5,211.24 ",,18 inches,Windows 11 Pro,64 GB,8000 GB,,https://www.amazon.com/acer-Predator-Mini-LED-Thunderbolt-Expander/dp/B0G4SLRRDV/
"msi Titan 18 HX AI Gaming Laptop 18"" 120Hz Mini LED 4K Display (Intel Ultra 9-285HX, GeForce RTX 5090 24GB, 64GB DDR5, 3x2TB SSD (6TB), 2 Thunderbolt 5, Copilot, Win 11 Pro) (Renewed)",msi,B0GT1TXTP1,https://m.media-amazon.com/images/I/61rZk19G2xL._AC_UY218_.jpg,"$5,199.99 ",,18 inches,Windows 11 Pro,64 GB,3 TB,,https://www.amazon.com/msi-Display-Ultra-9-285HX-Thunderbolt/dp/B0GT1TXTP1/
"Lenovo ThinkPad P17 Gen 2 Workstation Laptop (Intel i9-11950H vPro 8-Core, 64GB RAM, 2x2TB PCIe SSD RAID 0 (4TB), RTX A2000, 17.3"" 60Hz Full HD (1920x1080), Win 11 Pro) with Dockztorm Hub",Lenovo,B0BG8S9QDN,https://m.media-amazon.com/images/I/71ls3Ghmj2L._AC_UY218_.jpg,"$5,199.99 ",,17.3 inches,Windows 11 Pro,64 GB,4 TB,,https://www.amazon.com/Lenovo-ThinkPad-Workstation-i9-11950H-Win11Pro/dp/B0BG8S9QDN/
"NewLenovo ThinkPad P16 Gen 3 Mobile Workstation Laptop (16"" 3.2K+ Tandem OLED Touch, Core Ultra 9 275HX, 128GB RAM 4TB SSD Gen5, RTX PRO 5000 Blackwell 24GB), Thunderbolt5 WiFi 7 Backlit Win 11 Pro",NewLenovo,B0GSQL25FC,https://m.media-amazon.com/images/I/618--FgzZIL._AC_UY218_.jpg,"$5,199.00 ",,16 inches,Windows 11 Pro,128 GB,4 TB,,https://www.amazon.com/NewLenovo-Workstation-275HX-Blackwell-Thunderbolt5/dp/B0GSQL25FC/
"Lenovo Legion Pro 7i 16"" WQXGA OLED 240Hz Gaming Laptop, Intel Ultra 9 275HX, GeForce RTX 5090, 64GB DDR5, 5TB Storage(4TB SSD&1TB Docking Station Set), RGB Backlit Keyboard, WiFi 7, Win 11 Pro, Black",Lenovo,B0GRMQFGX3,https://m.media-amazon.com/images/I/81cn1A0805L._AC_UY218_.jpg,"$5,199.00 ",5,16 inches,Windows 11 Pro,64 GB,4 TB,3,https://www.amazon.com/Lenovo-Legion-GeForce-Storage-Keyboard/dp/B0GRMQFGX3/
"Lenovo ThinkPad P16 Gen 3 Intel Core Ultra 9 275HX, 24C, 16"" 3.2K (3200 x 2000), Tandem OLED Touch, 600 nits, 64GB RAM, 2TB SSD, NVIDIA RTX PRO 5000 Blackwell 24GB GDDR7, Backlit KYB, Windows Pro",Lenovo,B0GQWW7WNS,https://m.media-amazon.com/images/I/41e6L6ZjVaL._AC_UY218_.jpg,"$5,199.00 ",,16 inches,Windows 11 Pro,-,2 TB,,https://www.amazon.com/Lenovo-ThinkPad-Blackwell-Backlit-Windows/dp/B0GQWW7WNS/
"Lenovo ThinkPad P16 Gen 2【 NVIDIA RTX 5000 Ada】Intel i9-13950HX vPro, 24C, 16"" 4K WQUXGA (3840 x 2400) OLED “Touch Screen”, 400 nits, Backlit KYB, Fingerprint Reader, Win11 Pro (192GB RAM + 2x4TB SSD)",Lenovo,B0FD4SY5VX,https://m.media-amazon.com/images/I/71fMFIhnqhL._AC_UY218_.jpg,"$5,199.00 ",,16 inches,Windows 11 Pro,-,8 TB,,https://www.amazon.com/Lenovo-ThinkPad-Ada%E3%80%91Intel-i9-13950HX-Fingerprint/dp/B0FD4SY5VX/
"Dell Precision 7780 Workstation Laptop (2023) | 17"" 1920x1080 FHD | Core i9-13950HX - 256GB SSD Hard Drive - 64GB RAM - Nvidia RTX 3500 Ada | 24 cores @ 5.5 GHz - 12GB GDDR6 Win 11 Pro (Renewed)",Dell,B0D7BYZMXV,https://m.media-amazon.com/images/I/81gmtwhHayL._AC_UY218_.jpg,"$5,199.00 ",,17 inches,-,64 GB,-,,https://www.amazon.com/Dell-Precision-7780-Workstation-Laptop/dp/B0D7BYZMXV/
"Dell Precision 7780 Workstation Laptop (2023) | 17"" 1920x1080 FHD | Core i7-13850HX - 1TB SSD Hard Drive - 64GB RAM - Nvidia RTX 4000 Ada | 20 cores @ 5.3 GHz - 12GB GDDR6 Win 11 Pro (Renewed)",Dell,B0CJBXDGKP,https://m.media-amazon.com/images/I/81gmtwhHayL._AC_UY218_.jpg,"$5,199.00 ",,17 inches,Windows 11 Pro,64 GB,1000 GB,,https://www.amazon.com/Dell-Precision-Workstation-Laptop-i7-1TB/dp/B0CJBXDGKP/
"ASUS ROG Strix Scar AI Gaming Laptop 18"" 240Hz Mini LED WQXGA Display (Intel Ultra 9-275HX, GeForce RTX 5080 16GB, 64GB DDR5, Win 11 Pro) w/MS 365 Personal, DKZ USB Port Expander",ASUS,B0FCFW615F,https://m.media-amazon.com/images/I/61NL9vo2y3L._AC_UY218_.jpg,"$5,194.99 ",,18.00 inches,Windows 11 Pro,64 GB,4 TB,,https://www.amazon.com/ASUS-Display-9-275HX-Personal-Expander/dp/B0FCFW615F/
"Lenovo Legion Pro 7i 16"" WQXGA OLED 240Hz Gaming Laptop, Intel Ultra 9 275HX, GeForce RTX 5090, 64GB DDR5, 5TB Storage(4TB SSD&1TB Docking Station Set), RGB Backlit Keyboard, WiFi 7, Win 11, Black",Lenovo,B0GRMF353H,https://m.media-amazon.com/images/I/81XA2CGOoKL._AC_UY218_.jpg,"$5,189.00 ",,16 inches,Windows 11 Home,64 GB,4 TB,,https://www.amazon.com/Lenovo-Legion-GeForce-Storage-Keyboard/dp/B0GRMF353H/
"Lenovo Legion Pro 7i 16"" WQXGA OLED 240Hz Gaming Laptop, Intel Ultra 9 275HX, GeForce RTX 5090, 64GB DDR5, 5TB Storage(4TB SSD&1TB Docking Station Set), RGB Backlit Keyboard, WiFi 7, Win 11, Black",Lenovo,B0GRMF353H,https://m.media-amazon.com/images/I/81XA2CGOoKL._AC_UY218_.jpg,"$5,189.00 ",,16 inches,Windows 11 Home,64 GB,4 TB,,https://www.amazon.com/Lenovo-Legion-GeForce-Storage-Keyboard/dp/B0GRMF353H/
"Lenovo ThinkPad P1 Gen 8 21Q8001FUS 16"" Touchscreen Mobile Workstation - 3.2K - 120 Hz - Intel Core Ultra 7 265H - vPro Technology - Intel Evo Platform - 64 GB - 2 TB SSD - English Keyboard",Lenovo,B0GDVMLHSW,https://m.media-amazon.com/images/I/61rzPEKFZOL._AC_UY218_.jpg,"$5,169.00 ",,16 inches,Windows 10 or 11,64 GB,2 TB,,https://www.amazon.com/Lenovo-ThinkPad-21Q8001FUS-Touchscreen-Workstation/dp/B0GDVMLHSW/
"Lenovo ThinkPad P1 Gen 8 21Q8001FUS 16"" Touchscreen Mobile Workstation - 3.2K - 120 Hz - Intel Core Ultra 7 265H - vPro Technology - Intel Evo Platform - 64 GB - 2 TB SSD - English Keyboard",Lenovo,B0GDVMLHSW,https://m.media-amazon.com/images/I/61rzPEKFZOL._AC_UY218_.jpg,"$5,169.00 ",,16 inches,Windows 10 or 11,64 GB,2 TB,,https://www.amazon.com/Lenovo-ThinkPad-21Q8001FUS-Touchscreen-Workstation/dp/B0GDVMLHSW/
"Dell Precision 7780 Workstation Laptop (2023) | 17"" 1920x1080 FHD | Core i9-13950HX - 1TB SSD Hard Drive - 64GB RAM | 24 cores @ 5.5 GHz Win 11 Pro (Renewed)",Dell,B0D5XX7746,https://m.media-amazon.com/images/I/81gmtwhHayL._AC_UY218_.jpg,"$5,159.00 ",,17 inches,Windows 11 Pro,64 GB,1000 GB,,https://www.amazon.com/Dell-Precision-Workstation-1920x1080-i9-13950HX/dp/B0D5XX7746/
"Dell Precision 7780 Workstation Laptop (2023) | 17"" 1920x1080 FHD | Core i9-13950HX - 1TB SSD Hard Drive - 64GB RAM | 24 cores @ 5.5 GHz Win 11 Pro (Renewed)",Dell,B0D5XX7746,https://m.media-amazon.com/images/I/81gmtwhHayL._AC_UY218_.jpg,"$5,159.00 ",,17 inches,Windows 11 Pro,64 GB,1000 GB,,https://www.amazon.com/Dell-Precision-Workstation-1920x1080-i9-13950HX/dp/B0D5XX7746/
"EXCaliberPC (2025 Model) Legion 7i Gen 10 Intel Gaming Laptop Pro Extreme (Intel Core Ultra 9 275HX, 96GB RAM, 8TB NVMe SSD, NVIDIA GeForce RTX 5070, 16"" 240Hz OLED, Windows 11) - 83KY0003US",EXCaliberPC,B0G665QQY9,https://m.media-amazon.com/images/I/51nerD40ZML._AC_UY218_.jpg,"$5,135.00 ",,16 inches,Windows 11 Home,96 GB,8 TB,,https://www.amazon.com/EXCaliberPC-Legion-Extreme-GeForce-Windows/dp/B0G665QQY9/
"EXCaliberPC (2025 Model) Legion 7i Gen 10 Intel Gaming Laptop Pro Extreme (Intel Core Ultra 9 275HX, 96GB RAM, 8TB NVMe SSD, NVIDIA GeForce RTX 5070, 16"" 240Hz OLED, Windows 11) - 83KY0003US",EXCaliberPC,B0G665QQY9,https://m.media-amazon.com/images/I/51nerD40ZML._AC_UY218_.jpg,"$5,135.00 ",,16 inches,Windows 11 Home,96 GB,8 TB,,https://www.amazon.com/EXCaliberPC-Legion-Extreme-GeForce-Windows/dp/B0G665QQY9/
"Lenovo ThinkPad T1g Gen 8 21TD000YUS 16"" Notebook - WQUXGA - 60 Hz - Intel Core Ultra 7 2nd Gen 265H - vPro Technology - Intel Evo Platform - 32 GB - 1 TB SSD - English Keyboard - Black",Lenovo,B0GJZRXXMR,https://m.media-amazon.com/images/I/71Yw00CqQ+L._AC_UY218_.jpg,"$5,101.69 ",,16 inches,Windows 11 Pro,32 GB,1 TB,,https://www.amazon.com/Lenovo-ThinkPad-T1g-21TD000YUS-Notebook/dp/B0GJZRXXMR/
"Lenovo ThinkPad T1g Gen 8 21TD000YUS 16"" Notebook - WQUXGA - 60 Hz - Intel Core Ultra 7 2nd Gen 265H - vPro Technology - Intel Evo Platform - 32 GB - 1 TB SSD - English Keyboard - Black",Lenovo,B0GJZRXXMR,https://m.media-amazon.com/images/I/71Yw00CqQ+L._AC_UY218_.jpg,"$5,101.69 ",,16 inches,Windows 11 Pro,32 GB,1 TB,,https://www.amazon.com/Lenovo-ThinkPad-T1g-21TD000YUS-Notebook/dp/B0GJZRXXMR/
"Lenovo ThinkPad T1g Gen 8 21TD000RUS 16"" Touchscreen Notebook - 3.2K - 120 Hz - Intel Core Ultra 7 2nd Gen 265H - vPro Technology - Intel Evo Platform - 32 GB - 1 TB SSD - English Keyboard - Black",Lenovo,B0GCS4DH97,https://m.media-amazon.com/images/I/61aZgvJKwKL._AC_UY218_.jpg,"$5,099.95 ",,16 inches,Windows 11 Pro,32 GB,1 TB,,https://www.amazon.com/Lenovo-ThinkPad-21TD000RUS-Touchscreen-Notebook/dp/B0GCS4DH97/
MAINGEAR Ultima 18 Gaming Laptop (2025) NVIDIA GeForce RTX 5090 - Intel Core Ultra 9 275HX - 4K 200Hz DCI-P3 G-Sync Display - 32GB DDR5-2TB NVMe SSD - WiFi 7 - Thunderbolt 5 - Windows 11 Pro - RGB,MAINGEAR,B0FDDL2BKH,https://m.media-amazon.com/images/I/51nczgV2gtL._AC_UY218_.jpg,"$5,089.00 ",,18,Windows 11 Pro,-,2 TB,,https://www.amazon.com/MAINGEAR-Ultima-Gaming-Laptop-GeForce/dp/B0FDDL2BKH/
"Alienware 16 Area-51 AA16250 AI Gaming Laptop 16.0"" 240Hz IPS WQXGA Display (Intel Ultra 9-275HX, GeForce RTX 5080 16GB, 64GB DDR5, 8TB PCIe SSD, RGB KB, 2 Thunderbolt 5, WiFi 7, Win 11 Pro)",Alienware,B0GQD2WJB1,https://m.media-amazon.com/images/I/71oazk9-r5L._AC_UY218_.jpg,"$5,081.99 ",,16 inches,Windows 11 Pro,64 GB,8 TB,,https://www.amazon.com/Alienware-Area-51-AA16250-Display-Thunderbolt/dp/B0GQD2WJB1/
"MSI Vector AI Gaming Laptop 16.0"" 240Hz WQXGA Display (Intel Ultra 9-275HX, GeForce RTX 5070 Ti 12GB, 64GB DDR5, 8TB PCIe SSD, RGB KB, 2 Thunderbolt 4, WiFi 7, Webcam, Win 11 Pro) w/USB-C Dock",MSI,B0F7GK8H9R,https://m.media-amazon.com/images/I/71-D46QqKjL._AC_UY218_.jpg,"$5,074.99 ",,16.00 inches,Windows 11 Pro,64 GB,8 TB,,https://www.amazon.com/Vector-Display-9-275HX-GeForce-Thunderbolt/dp/B0F7GK8H9R/
"Lenovo Legion Pro 7i 16"" WQXGA 240Hz Gaming Laptop, Intel Ultra 9 275HX, GeForce RTX 5090 24GB GDDR7, 64GB DDR5, 5TB Storage (4TB SSD+1TB Docking Station), Backlit Keyboard, Wi-Fi 7, Win 11 Pro, Black",Lenovo,B0GKN258XX,https://m.media-amazon.com/images/I/81h+Frwe4+L._AC_UY218_.jpg,"$5,069.00 ",4.6,16 inches,Windows 11 Pro,64 GB,4 TB,3,https://www.amazon.com/Lenovo-Legion-Pro-7i-Keyboard/dp/B0GKN258XX/
"[2025] ASUS ROG Strix G18 G814FM-DS95 Pro Extreme (AMD Ryzen 9 9955HX, 96GB DDR5 RAM, 8TB NVMe SSD, NVIDIA GeForce RTX 5060, 18"" FHD+ 144Hz, Windows 11) Gaming Laptop",[2025],B0FMYDPKTZ,https://m.media-amazon.com/images/I/619r5AGuKuL._AC_UY218_.jpg,"$5,065.00 ",,18 inches,Windows 11 Home,96 GB,8 TB,,https://www.amazon.com/ASUS-G814FM-DS95-Extreme-GeForce-Windows/dp/B0FMYDPKTZ/
"Alienware 16 Area-51 AA16250 AI Gaming Laptop 16.0"" 240Hz IPS WQXGA Display (Intel Ultra 9-275HX, GeForce RTX 5080 16GB, 64GB DDR5, 8TB PCIe SSD, RGB KB, 2 Thunderbolt 5, WiFi 7, Win 11 Home)",Alienware,B0GQCKNCHJ,https://m.media-amazon.com/images/I/71oazk9-r5L._AC_UY218_.jpg,"$5,049.99 ",,16 inches,Windows 11 Home,64 GB,8 TB,,https://www.amazon.com/Alienware-Area-51-AA16250-Display-Thunderbolt/dp/B0GQCKNCHJ/
"ME2 MichaelElectronics2 MSI Stealth AI Gaming Laptop 18"" 4K (Intel Ultra 9-275HX, GeForce RTX 5090 24GB, 64GB DDR5, 2TB SSD, Win 11 Pro)",ME2,B0G59BF4HS,https://m.media-amazon.com/images/I/61QWoKQzB5L._AC_UY218_.jpg,"$5,049.99 ",,18 inches,Windows 11 Pro,64 GB,0 GB,,https://www.amazon.com/ME2-MichaelElectronics2-Stealth-9-275HX-GeForce/dp/B0G59BF4HS/
"ASUS ROG Strix AI Gaming Laptop 16.0"" 240Hz Mini LED WQXGA Display (Intel Ultra 9-275HX, GeForce RTX 5080 16GB, 32GB DDR5, 8TB PCIe SSD, RGB KB, 2 Thunderbolt 5, WiFi 7, Win 11 Pro) w/USB-C Dock",ASUS,B0FP9SR82F,https://m.media-amazon.com/images/I/617MoFTua+L._AC_UY218_.jpg,"$5,014.99 ",,16 inches,Windows 11 Pro,32 GB,8 TB,,https://www.amazon.com/ASUS-Display-9-275HX-GeForce-Thunderbolt/dp/B0FP9SR82F/
Lenovo 2025 ThinkPad E16 Gen 2 16” WUXGA IPS Laptop 16-Core Intel Core Ultra 7 155H(Beat 155U) 16GB DDR5 2TB SSD Thunderbolt 4 WiFi AX RJ-45 BT Webcam Windows 10 Pro Office 2024 Professional Plus,Lenovo,B0G8BQ8WSQ,https://m.media-amazon.com/images/I/61Rbr-OvGLL._AC_UY218_.jpg,"$4,999.99 ",,16 inches,Windows 10 Pro,16 GB,2 TB,,https://www.amazon.com/Lenovo-ThinkPad-16-Core-Thunderbolt-Professional/dp/B0G8BQ8WSQ/
"Alienware 18 Area 51 Gaming Laptop, RTX 5080 16GB GDDR7, Intel Ultra 9 275HX Up to 5.4GHz, 18"" WQXGA 300Hz, Win11 Pro & Office License, AlienFX RGB KB, 4K Camera, External CD Drive, 64GB DDR5,1TB SSD",Alienware,B0FCXRRN7D,https://m.media-amazon.com/images/I/813VbrU2f8L._AC_UY218_.jpg,"$4,999.99 ",,18 inches,Windows 11 Pro,-,1 TB,,https://www.amazon.com/Alienware-18-Gaming-Laptop-External/dp/B0FCXRRN7D/
Lenovo 2025 ThinkPad E16 Gen 2 16” WUXGA IPS Laptop 16-Core Intel Core Ultra 7 155H(Beat 155U) 16GB DDR5 2TB SSD Thunderbolt 4 WiFi AX RJ-45 BT Webcam Windows 10 Pro Office 2024 Professional Plus,Lenovo,B0G8BQ8WSQ,https://m.media-amazon.com/images/I/61Rbr-OvGLL._AC_UY218_.jpg,"$4,999.99 ",,16 inches,Windows 10 Pro,16 GB,2 TB,,https://www.amazon.com/Lenovo-ThinkPad-16-Core-Thunderbolt-Professional/dp/B0G8BQ8WSQ/
"Alienware 18 Area 51 Gaming Laptop, RTX 5080 16GB GDDR7, Intel Ultra 9 275HX Up to 5.4GHz, 18"" WQXGA 300Hz, Win11 Pro & Office License, AlienFX RGB KB, 4K Camera, External CD Drive, 64GB DDR5,1TB SSD",Alienware,B0FCXRRN7D,https://m.media-amazon.com/images/I/813VbrU2f8L._AC_UY218_.jpg,"$4,999.99 ",,18 inches,Windows 11 Pro,-,1 TB,,https://www.amazon.com/Alienware-18-Gaming-Laptop-External/dp/B0FCXRRN7D/
"Alienware 16 Area-51 Gaming Laptop Computer - Ultra 9 275HX (24-Core, Up to 5.4GHz), GeForce RTX 5080, 16"" QHD+ 240Hz, 64GB DDR5, 2TB SSD, 16GB GDDR7, Wins 11 Pro, Office License, w/DVD Drive",Alienware,B0F8NN7JC2,https://m.media-amazon.com/images/I/71+z8tYK27L._AC_UY218_.jpg,"$4,999.99 ",,16 inches,Windows 11 Pro,-,2 TB,,https://www.amazon.com/Alienware-16-Area-51-Gaming-Laptop/dp/B0F8NN7JC2/
"Lenovo ThinkPad P17 Gen 2 Workstation, 17.3"" FHD Display, NVIDIA Quadro T1200, Intel Core i7-11850H Processor, 128GB RAM, 4TB PCIe SSD, Webcam, HDMI, RJ-45, Backlit KB, FP Reader, Windows 11 Pro",Lenovo,B0CGJJ11X8,https://m.media-amazon.com/images/I/7189ByI0WjL._AC_UY218_.jpg,"$4,999.99 ",,17.3 inches,Windows 11 Pro,128 GB,4 TB,,https://www.amazon.com/Lenovo-ThinkPad-P17-Gen-Workstation/dp/B0CGJJ11X8/
"Lenovo ThinkPad P17 Gen 2 Workstation Laptop (Intel i9-11950H vPro 8-Core, 128GB RAM, 2TB PCIe SSD, RTX A2000, 17.3"" 60Hz Full HD (1920x1080), Fingerprint, WiFi, Win 11 Pro) with Dockztorm Hub",Lenovo,B0BG8SHVL9,https://m.media-amazon.com/images/I/71ls3Ghmj2L._AC_UY218_.jpg,"$4,999.99 ",,17.3 inches,Windows 11 Pro,128 GB,-,,https://www.amazon.com/Lenovo-ThinkPad-Workstation-i9-11950H-Win11Pro/dp/B0BG8SHVL9/
"Lenovo 2022 ThinkPad P17 Gen 2 17.3"" 60Hz FHD IPS Workstation Laptop (Intel i7-11800H 8-Core, 64GB RAM, 2x4TB PCIe SSD RAID 1 (4TB), RTX A2000, Backlit KYB, FP, WiFi6, HD Webcam, Win11Pro) w/Hub",Lenovo,B0BBKZ5D29,https://m.media-amazon.com/images/I/71MVGJmMDzL._AC_UY218_.jpg,"$4,999.99 ",,17.3 inches,Windows 11 Pro,64 GB,-,,https://www.amazon.com/Lenovo-ThinkPad-Workstation-i7-11800H-Win11Pro/dp/B0BBKZ5D29/
"Lenovo ThinkPad P15 Workstation Laptop (Intel i7-10750H 6-Core, 128GB RAM, 8TB PCIe SSD, Quadro T1000, 15.6"" 4K Ultra HD (3840x2160), Fingerprint, WiFi, Bluetooth, Webcam, Win 11 Pro) with Hub",Lenovo,B09KX4JZRY,https://m.media-amazon.com/images/I/61IfukwvifL._AC_UY218_.jpg,"$4,999.99 ",,15.6 inches,Windows 11 Pro,128 GB,-,,https://www.amazon.com/Lenovo-Workstation-i7-10750H-3840x2160-Fingerprint/dp/B09KX4JZRY/
"Lenovo ThinkPad P15 Workstation Laptop (Intel i7-10750H 6-Core, 128GB RAM, 8TB PCIe SSD, Quadro T1000, 15.6"" 4K Ultra HD (3840x2160), Fingerprint, WiFi, Bluetooth, Webcam, Win 10 Pro) with Hub",Lenovo,B09HSVTNVQ,https://m.media-amazon.com/images/I/61IfukwvifL._AC_UY218_.jpg,"$4,999.99 ",,15.6 inches,Windows 10 Pro,128 GB,-,,https://www.amazon.com/Lenovo-Workstation-i7-10750H-3840x2160-Fingerprint/dp/B09HSVTNVQ/
Panasonic TOUGHBOOK/CF-31/core i7/Intel Core i7-5600U 2.60GHz/8gb ram/ 256gb Solid State Hard Drive (SSD)/Windows 10 pro/Touch Screen/ 13.3 inch/Rugged Laptop/WiFi/Bluetooth/,Panasonic,B01M5GIENE,https://m.media-amazon.com/images/I/41sGABLRE0L._AC_UY218_.jpg,"$4,999.99 ",,13.3 inches,Windows 10 Pro,8 GB,256 GB,,https://www.amazon.com/PANASONIC-TOUGHBOOK-i7-5600U-2-60GHz-Bluetooth/dp/B01M5GIENE/
"ASUS ROG Strix G18 18 Inch Gaming Laptop 2025, NVIDIA GeForce RTX 5080, Intel Ultra 9 275HX, 18"" ROG Nebula 2.5K 240Hz, 64 GB DDR5 RAM, 8 TB SSD, Wi-Fi 7, Backlit KB, Windows 11 Pro & Lifetime Office",ASUS,B0DR5764JQ,https://m.media-amazon.com/images/I/71Wa16WaZLL._AC_UY218_.jpg,"$4,999.00 ",4.8,18 inches,Windows 11 Pro,-,8 TB,10,https://www.amazon.com/ASUS-GeForce-Backlit-Windows-Lifetime/dp/B0DR5764JQ/
"NewLenovo ThinkPad P16 Gen 2 Mobile Workstation (16"" WQUXGA 4K+ (3840 x 2400), Core i9-13980HX 24C, 128GB RAM 4TB SSD, RTX 4000 Ada) Laptop for Engineer Designer Architect, USB-C Hub, Win 11 Pro",NewLenovo,B0GFTZN5HN,https://m.media-amazon.com/images/I/71Nut0iCjZL._AC_UY218_.jpg,"$4,999.00 ",,16 inches,-,-,4 TB,,https://www.amazon.com/NewLenovo-ThinkPad-Workstation-i9-13980HX-Architect/dp/B0GFTZN5HN/
"MSI Raider A18 HX A9WIG-038CA 18"" UHD+ mini LED 120Hz Gaming Laptop, AMD Ryzen R9-9955HX3D, RTX 5080, 64GB (32GB*2) DDR5 6400MHz, 2TB Gen 5x4 NVMe PCIe SSD, Windows 11 PRO",MSI,B0DWYQ3WL5,https://m.media-amazon.com/images/I/71DSz8G7DuL._AC_UY218_.jpg,"$4,999.00 ",3.9,18 inches,Windows 11 Pro,64.00 GB,2 TB,2,https://www.amazon.com/Raider-A9WIG-038CA-R9-9955HX3D-6400MHz-Windows/dp/B0DWYQ3WL5/
"Lenovo ThinkPad P16 Gen 2【 NVIDIA RTX 5000 Ada】 Intel i9-13950HX vPro, 24C, 16"" 4K WQUXGA (3840 x 2400) OLED “Touch Screen”, 400 nits, Backlit KYB, Fingerprint Reader, Win11 Pro (192GB RAM + 4TB SSD)",Lenovo,B0FD56MRMV,https://m.media-amazon.com/images/I/71fMFIhnqhL._AC_UY218_.jpg,"$4,999.00 ",,16 inches,Windows 11 Pro,-,4 TB,,https://www.amazon.com/Lenovo-ThinkPad-i9-13950HX-Backlit-Fingerprint/dp/B0FD56MRMV/
"MSI Stealth 18 AI Studio A1V Laptop (2024) | 18"" 1920x1200 FHD+ | Core Ultra 9-185H - 1TB SSD Hard Drive - 32GB RAM - Nvidia GeForce RTX 4080 | 16 cores @ 5.1 GHz - 12GB GDDR6X Win 11 Pro Black",MSI,B0DT6JH3WK,https://m.media-amazon.com/images/I/41vrZ6NBm7L._AC_UY218_.jpg,"$4,999.00 ",,18 inches,Windows 11 Pro,32 GB,1000 GB,,https://www.amazon.com/MSI-Stealth-Studio-A1V-Laptop/dp/B0DT6JH3WK/
New GE76 Raider Titanium Blue 17.3in FHD 360Hz Gaming Laptop 11Th Gen Intel Core i9-11980HK GeForce RTX 3080 16GB (4TB SSD|32GB RAM| Win 10 PRO),New,B098BM1BJ9,https://m.media-amazon.com/images/I/71ZRH2jJ6oS._AC_UY218_.jpg,"$4,999.00 ",,17.3 inches,Windows 10 Pro,32 GB,4 TB,,https://www.amazon.com/Best-Notebooks-GE76-Raider-i9-11980HK/dp/B098BM1BJ9/
"ASUS ROG Strix Scar 18 (2023) Gaming Laptop, 18” Nebula Display 16:10 QHD 240Hz/3ms, GeForce RTX 4090, Intel Core i9-13980HX, 32GB DDR5, 2TB PCIe SSD, Wi-Fi 6E, Windows 11 Pro, G834JY-XS97,Black",ASUS,B0BS79PRQ2,https://m.media-amazon.com/images/I/819IGJqXvOL._AC_UY218_.jpg,"$4,995.00 ",3.8,18 inches,Windows 11 Pro,32 GB,2 TB,52,https://www.amazon.com/ASUS-Gaming-Laptop-Nebula-Display/dp/B0BS79PRQ2/
"EXCaliberPC [2025] ASUS ROG Strix G16 G615LM-DS94 Pro Extreme (Intel Core Ultra 9 275HX, 96GB DDR5 RAM, 8TB NVMe SSD, NVIDIA GeForce RTX 5060, 16"" 2.5K 240Hz, Windows 11) Gaming Laptop",EXCaliberPC,B0FF1D26QP,https://m.media-amazon.com/images/I/61Xwv5lu7BL._AC_UY218_.jpg,"$4,995.00 ",,16 inches,Windows 11 Home,96 GB,8 TB,,https://www.amazon.com/EXCaliberPC-ASUS-G615LM-DS94-Extreme-GeForce/dp/B0FF1D26QP/
"MSI Vector AI Gaming Laptop 16.0"" 240Hz WQXGA Display (Intel Ultra 9-275HX, GeForce RTX 5070 Ti 12GB, 64GB DDR5, 8TB PCIe SSD, Win 11 Pro) w/MS 365 Personal, DKZ USB Port Expander",MSI,B0F7HZC25R,https://m.media-amazon.com/images/I/61GqnoVL8wL._AC_UY218_.jpg,"$4,994.99 ",,16.00 inches,Windows 11 Pro,64 GB,8 TB,,https://www.amazon.com/MSI-Display-9-275HX-Personal-Expander/dp/B0F7HZC25R/
"Lenovo Legion Pro 7i AI 16"" WQXGA OLED 240Hz Gaming Laptop, Intel Ultra 9 275HX, GeForce RTX 5090 24GB, 64GB DDR5, 5TB Storage (4TB SSD+1TB Docking Station), Backlit Keyboard, Wi-Fi 7, Win 11, Black",Lenovo,B0GT4C3BRQ,https://m.media-amazon.com/images/I/81jfXEXFUHL._AC_UY218_.jpg,"$4,969.00 ",,16 inches,Windows 11 Home,64 GB,4 TB,,https://www.amazon.com/Lenovo-Legion-Pro-7i-Keyboard/dp/B0GT4C3BRQ/
"Lenovo ThinkPad P16 Gen 3【NVIDIA RTX 4000 Blackwell】 Intel Ultra 9 275HX, 24C, 16"" WQUXGA (3840 x 2400) Non-Touch, 800 nits Backlit KYB, Win11 Pro (128GB RAM + 4TB SSD)",Lenovo,B0GPBCZVP6,https://m.media-amazon.com/images/I/41njEuJwczL._AC_UY218_.jpg,"$4,949.00 ",,16 inches,Windows 11 Pro,128 GB,4 TB,,https://www.amazon.com/Lenovo-ThinkPad-3%E3%80%90NVIDIA-Blackwell%E3%80%91-Non-Touch/dp/B0GPBCZVP6/
"ASUS ROG Strix AI Gaming Laptop 16.0"" 240Hz Mini LED WQXGA Display (Intel Ultra 9-275HX, GeForce RTX 5080 16GB, 32GB DDR5, 8TB PCIe SSD, Win 11 Pro) w/MS 365 Personal, DKZ USB Port Expander",ASUS,B0FPYR4JN9,https://m.media-amazon.com/images/I/61mMncGkPTL._AC_UY218_.jpg,"$4,934.99 ",,16 inches,Windows 11 Pro,32 GB,0 GB,,https://www.amazon.com/ASUS-Display-9-275HX-Personal-Expander/dp/B0FPYR4JN9/
"ASUS ROG Strix AI Gaming Laptop 16.0"" 240Hz Mini LED WQXGA Display (Intel Ultra 9-275HX, GeForce RTX 5080 16GB, 64GB DDR5, 4TB PCIe SSD, RGB KB, 2 Thunderbolt 5, WiFi 7, Win 11 Pro) w/USB-C Dock",ASUS,B0FP9RYPVP,https://m.media-amazon.com/images/I/617MoFTua+L._AC_UY218_.jpg,"$4,924.99 ",,16 inches,Windows 11 Pro,64 GB,0 GB,,https://www.amazon.com/ASUS-Display-9-275HX-GeForce-Thunderbolt/dp/B0FP9RYPVP/
"acer Predator Helios 18 AI AI Gaming Laptop 18"" WQXGA (Intel Ultra 9-275HX, GeForce RTX 5080 16GB, 64GB DDR5, 4TB PCIe SSD, Win 11 Pro) w/USB-C Dock",acer,B0G59HDVN3,https://m.media-amazon.com/images/I/71M+ZFJyPBL._AC_UY218_.jpg,"$4,916.24 ",,18 inches,Windows 11 Pro,64 GB,0 GB,,https://www.amazon.com/acer-Predator-Helios-9-275HX-GeForce/dp/B0G59HDVN3/
"EXCaliberPC (2025) Predator Helios Neo 16S AI Gaming Laptop Pro Extreme (Intel Core Ultra 9 275HX, 96GB RAM, 8TB NVMe SSD, NVIDIA GeForce RTX 5070Ti, 16"" QHD+ 240Hz OLED, Windows 11) - PHN16S-71-98RF",EXCaliberPC,B0GQS4LD6T,https://m.media-amazon.com/images/I/61uKkVbEW8L._AC_UY218_.jpg,"$4,915.00 ",,16 inches,Windows 11 Home,96 GB,8 TB,,https://www.amazon.com/EXCaliberPC-Predator-Extreme-GeForce-Windows/dp/B0GQS4LD6T/
"Lenovo Legion Pro 7i Gen 10 Gaming Laptop (2025), GeForce RTX 5080 16GB GDDR7, Intel Ultra 9 275HX Up to 5.40 GHz, 16"" 240Hz OLED, 64 GB DDR5, 8 TB SSD, Windows 11 Pro, w/Accessories",Lenovo,B0FDGCNFZ3,https://m.media-amazon.com/images/I/71W+AjNzVTL._AC_UY218_.jpg,"$4,899.99 ",4.5,16 inches,Windows 11 Pro,-,8 TB,301,https://www.amazon.com/Lenovo-Legion-Pro-Gen-Accessories/dp/B0FDGCNFZ3/
"ASUS ROG Strix Scar 16 (2025) AI Gaming Laptop, 16"" 2.5K ROG Nebula HDR Mini LED 240Hz Display, Intel Core Ultra 9-275HX, GeForce RTX 5080 16GB, 64GB DDR5, 8TB PCIe SSD, Windows 11 Pro, w/USB Hub",ASUS,B0FP3F48Z2,https://m.media-amazon.com/images/I/61qrkl-M0jL._AC_UY218_.jpg,"$4,899.99 ",,16 inches,Windows 11 Pro,64 GB,8 TB,,https://www.amazon.com/ASUS-Display-9-275HX-GeForce-Windows/dp/B0FP3F48Z2/
"ASUS ROG Strix G18 (2025) Gaming Laptop, NVIDIA RTX 5080 16GB GDDR7, Intel Ultra 9 275HX(24 Cores), 64 GB DDR5, 8 TB SSD, 18"" 240Hz 3ms 2.5K Display, Wi-Fi 7, Windows 11 Pro, Accessory",ASUS,B0FHVZ1SQN,https://m.media-amazon.com/images/I/71TKUWrgWIL._AC_UY218_.jpg,"$4,899.99 ",4.4,18 inches,Windows 11 Pro,-,8 TB,15,https://www.amazon.com/ASUS-Gaming-Display-Windows-Accessory/dp/B0FHVZ1SQN/
"ASUS ROG Strix G18 Gaming Laptop 2025, Intel Ultra 9 275HX(24 Cores), NVIDIA GeForce RTX 5080, 18 Inch 2.5K 240Hz Display, 64GB DDR5, 4TB SSD, WiFi 7, Backlit Keyboard, Windows 11 Pro, Accessories",ASUS,B0FCF65M81,https://m.media-amazon.com/images/I/81K4zm5q+1L._AC_UY218_.jpg,"$4,899.99 ",,18 inches,Windows 11 Pro,-,4 TB,,https://www.amazon.com/ASUS-GeForce-Display-Keyboard-Accessories/dp/B0FCF65M81/
"ASUS ROG Strix G18 Gaming Laptop 2025, Intel Ultra 9 275HX(24 Cores), NVIDIA GeForce RTX 5080, 18 Inch 2.5K 240Hz Display, 64GB DDR5, 4TB SSD, WiFi 7, Backlit Keyboard, Windows 11 Pro, Accessories",ASUS,B0FCF65M81,https://m.media-amazon.com/images/I/81K4zm5q+1L._AC_UY218_.jpg,"$4,899.99 ",,18 inches,Windows 11 Pro,-,4 TB,,https://www.amazon.com/ASUS-GeForce-Display-Keyboard-Accessories/dp/B0FCF65M81/
"Lenovo ThinkPad P15 Gen 1 Workstation Laptop (Intel i9-10885H 8-Core, 32GB RAM, 8TB PCIe SSD, RTX 3000, 15.6"" 4K Ultra HD (3840x2160) IPS, Backlit KB, FP Reader, WiFi 6, BT, Webcam, Win10Pro) w/Hub",Lenovo,B09HSVVWPD,https://m.media-amazon.com/images/I/61IfukwvifL._AC_UY218_.jpg,"$4,899.99 ",,15.6 inches,Windows 10 Pro,-,-,,https://www.amazon.com/Lenovo-ThinkPad-Workstation-i9-10885H-3840x2160/dp/B09HSVVWPD/
"Lenovo ThinkPad P16 Gen 3 (16"") AI Mobile Workstation - Intel Core Ultra 9 275HX | NVIDIA RTX PRO 4000 16GB GPU | 128GB DDR5 RAM + 4TB SSD | WQUXGA (3840 x 2400) 4K 800nits | Win 11 Pro",Lenovo,B0GNFNJLVT,https://m.media-amazon.com/images/I/41KmfJHG0kL._AC_UY218_.jpg,"$4,899.00 ",,16 inches,Windows 11 Pro,-,4 TB,,https://www.amazon.com/Lenovo-ThinkPad-P16-Mobile-Workstation/dp/B0GNFNJLVT/
"Lenovo (2025) Legion Pro 7i Gen 10 Gaming Laptop, Ultra 9 24-Core (Up to 2.7 GHz) 275HX Processor, GeForce RTX 5080 16GB GDDR7, 16'' 2560x1600 240 Hz OLED Display, Windows 11 Pro, 64GB DDR5, 8TB SSD",Lenovo,B0FT3JNG41,https://m.media-amazon.com/images/I/71KB3zsAteL._AC_UY218_.jpg,"$4,899.00 ",,16 inches,Windows 11 Pro,-,8 TB,,https://www.amazon.com/Lenovo-Pro-7i-Gaming-Laptop/dp/B0FT3JNG41/
"Lenovo ThinkPad P16 Gen 2 Workstation - Intel i9-13980HX, 24C, 16"" 4k WQUXGA (3840 x 2400) IPS, 800 nits (192GB RAM + 4TB SSD), NVIDIA RTX 4000 Ada, Backlit KYB, Fingerprint Reader, Win11 Pro",Lenovo,B0DPLNRTHX,https://m.media-amazon.com/images/I/71qc3BZ6iQL._AC_UY218_.jpg,"$4,899.00 ",5,16 inches,Windows 11 Pro,-,4 TB,1,https://www.amazon.com/Lenovo-ThinkPad-P16-Gen-Workstation/dp/B0DPLNRTHX/
"Dell Precision 7780 Workstation Laptop (2023) | 17"" 1920x1080 FHD | Core i9-13950HX - 2TB SSD + 2TB SSD Hard Drive - 64GB RAM - Nvidia RTX 2000 Ada | 24 cores @ 5.5 GHz - 6GB GDDR6 Win 11 (Renewed)",Dell,B0DG95TNMP,https://m.media-amazon.com/images/I/81gmtwhHayL._AC_UY218_.jpg,"$4,899.00 ",,17 inches,-,64 GB,-,,https://www.amazon.com/Dell-Precision-7780-Workstation-Laptop/dp/B0DG95TNMP/
"Dell Precision 7780 Workstation Laptop (2023) | 17"" 1920x1080 FHD | Core i7-13850HX - 2TB SSD Hard Drive - 32GB RAM - Nvidia RTX 4000 Ada | 20 cores @ 5.3 GHz - 12GB GDDR6 Win 11 Pro (Renewed)",Dell,B0CJBPV2F3,https://m.media-amazon.com/images/I/81gmtwhHayL._AC_UY218_.jpg,"$4,899.00 ",,17 inches,Windows 11 Pro,32 GB,2000 GB,,https://www.amazon.com/Dell-Precision-Workstation-Laptop-i7-2TB/dp/B0CJBPV2F3/
"Lenovo ThinkPad P16 Gen 2 Intel Core i9-13980HX, 24C, 16"" WQUXGA (3840 x 2400) IPS, 800 nits, 192GB RAM, 4TB SSD, NVIDIA RTX 4000 Ada, Backlit KYB, Fingerprint Reader, Windows Pro",Lenovo,B0FV4LVJQK,https://m.media-amazon.com/images/I/719AurneRSL._AC_UY218_.jpg,"$4,879.00 ",,16 inches,Windows 11 Pro,-,4 TB,,https://www.amazon.com/Lenovo-ThinkPad-i9-13980HX-Backlit-Fingerprint/dp/B0FV4LVJQK/
"ASUS ROG Strix G16 G614 AI Gaming Laptop 16.0"" 165Hz IPS WUXGA Display (AMD Ryzen 9 8940HX, GeForce RTX 5070 Ti 12GB, 32GB DDR5, 8TB PCIe SSD, RGB KB, Win 11 Pro) w/DKZ USB Hub - G614PR-G16.R95070TI",ASUS,B0FKPS3Q9J,https://m.media-amazon.com/images/I/71sQe7Y1yfL._AC_UY218_.jpg,"$4,851.99 ",,16 inches,Windows 11 Pro,32 GB,8 TB,,https://www.amazon.com/ASUS-Gaming-Laptop-Display-GeForce/dp/B0FKPS3Q9J/
"ASUS ROG Strix AI Gaming Laptop 16.0"" 240Hz Mini LED WQXGA Display (Intel Ultra 9-275HX, GeForce RTX 5080 16GB, 64GB DDR5, 4TB PCIe SSD, Win 11 Pro) w/MS 365 Personal, DKZ USB Port Expander",ASUS,B0FPYNW86G,https://m.media-amazon.com/images/I/61mMncGkPTL._AC_UY218_.jpg,"$4,844.99 ",,16 inches,Windows 11 Pro,64 GB,0 GB,,https://www.amazon.com/ASUS-Display-9-275HX-Personal-Expander/dp/B0FPYNW86G/
"acer Predator Helios 18 AI AI Gaming Laptop 18"" WQXGA (Intel Ultra 9-275HX, GeForce RTX 5080 16GB, 64GB DDR5, 4TB PCIe SSD, Win 11 Pro) w/MS 365 Personal, DKZ USB Port Expander",acer,B0G5J54JBZ,https://m.media-amazon.com/images/I/71wCRX-JIGL._AC_UY218_.jpg,"$4,836.24 ",,18 inches,Windows 11 Pro,64 GB,0 GB,,https://www.amazon.com/acer-Predator-9-275HX-Personal-Expander/dp/B0G5J54JBZ/
"Lenovo ThinkPad P1 Gen 7 21KV0001US 16"" Mobile Workstation - WQXGA - Intel Core Ultra 9 185H - vPro Technology - Intel Evo Platform - 32 GB - 1 TB SSD - English Keyboard - Black",Lenovo,B0DF34LTV7,https://m.media-amazon.com/images/I/51x4-LOCn7L._AC_UY218_.jpg,"$4,822.75 ",,16 inches,Windows 11 Pro,32 GB,1 TB,,https://www.amazon.com/Lenovo-ThinkPad-21KV0001US-Mobile-Workstation/dp/B0DF34LTV7/
"Lenovo ThinkPad P1 Gen 7 21KV0001US 16"" Mobile Workstation - WQXGA - Intel Core Ultra 9 185H - vPro Technology - Intel Evo Platform - 32 GB - 1 TB SSD - English Keyboard - Black",Lenovo,B0DF34LTV7,https://m.media-amazon.com/images/I/51x4-LOCn7L._AC_UY218_.jpg,"$4,822.75 ",,16 inches,Windows 11 Pro,32 GB,1 TB,,https://www.amazon.com/Lenovo-ThinkPad-21KV0001US-Mobile-Workstation/dp/B0DF34LTV7/
"Alienware 18 Area-51 Gaming Laptop, NVIDIA RTX 5080 16GB GDDR7, Intel Ultra 9 275HX 5.4GHz, 18"" WQXGA 300Hz 2.5K Display, 64 GB DDR5 RAM, 4 TB SSD, Wi-Fi 7, Quad Fan Cooling, 4K Camera, Win 11 Pro",Alienware,B0FGCVZVNN,https://m.media-amazon.com/images/I/81xLJmvABWL._AC_UY218_.jpg,"$4,799.99 ",,18 inches,Windows 11 Pro,-,4 TB,,https://www.amazon.com/Alienware-18-Area-51-Display-Cooling/dp/B0FGCVZVNN/
"Alienware 18 Area-51 Gaming Laptop 2025 New, 18"" WQXGA 300Hz, Intel Ultra 9 275HX, 64 GB DDR5, 4 TB SSD, GeForce RTX 5080 16GB GDDR7, Wi-Fi 7, FHD Webcam, Windows 11 Pro, w/Accessory Box",Alienware,B0FFBBMH4W,https://m.media-amazon.com/images/I/71atlWqhldL._AC_UY218_.jpg,"$4,799.99 ",5,18 inches,Windows 11 Pro,-,4 TB,1,https://www.amazon.com/Alienware-18-Area-51-GeForce-Accessory/dp/B0FFBBMH4W/
"Alienware 18 Area-51 Gaming Laptop, NVIDIA RTX 5080 16GB GDDR7, Intel Ultra 9 275HX 5.4GHz, 18"" WQXGA 300Hz 2.5K Display, 64 GB DDR5 RAM, 4 TB SSD, Wi-Fi 7, Quad Fan Cooling, 4K Camera, Win 11 Pro",Alienware,B0FGCVZVNN,https://m.media-amazon.com/images/I/81xLJmvABWL._AC_UY218_.jpg,"$4,799.99 ",,18 inches,Windows 11 Pro,-,4 TB,,https://www.amazon.com/Alienware-18-Area-51-Display-Cooling/dp/B0FGCVZVNN/
"Alienware 18 Area-51 Gaming Laptop 2025 New, 18"" WQXGA 300Hz, Intel Ultra 9 275HX, 64 GB DDR5, 4 TB SSD, GeForce RTX 5080 16GB GDDR7, Wi-Fi 7, FHD Webcam, Windows 11 Pro, w/Accessory Box",Alienware,B0FFBBMH4W,https://m.media-amazon.com/images/I/71atlWqhldL._AC_UY218_.jpg,"$4,799.99 ",5,18 inches,Windows 11 Pro,-,4 TB,1,https://www.amazon.com/Alienware-18-Area-51-GeForce-Accessory/dp/B0FFBBMH4W/
"ASUS ROG Strix G16 G614 AI Gaming Laptop 16.0"" 165Hz IPS WUXGA Display (AMD Ryzen 9 8940HX, GeForce RTX 5070 Ti 12GB, 32GB DDR5, 8TB PCIe SSD, RGB KB, Win 11 Home) w/DKZ USB Hub - G614PR-G16.R95070TI",ASUS,B0FKPSTW3H,https://m.media-amazon.com/images/I/71sQe7Y1yfL._AC_UY218_.jpg,"$4,799.99 ",,16 inches,Windows 11 Home,32 GB,0 GB,,https://www.amazon.com/ASUS-Gaming-Laptop-Display-GeForce/dp/B0FKPSTW3H/
"Lenovo ThinkPad P17 Gen 2 17.3"" 4K UHD IPS Workstation Laptop (Intel i7-11800H 8-Core, 128GB RAM, 2TB PCIe SSD,RTX A2000 4GB, 2 Thunderbolt 4, Backlit KYB, FP, WiFi 6E, Win10Pro) w/Hub",Lenovo,B0BRP275CT,https://m.media-amazon.com/images/I/713LvIuYLiL._AC_UY218_.jpg,"$4,799.99 ",,17.3 inches,Windows 10 Pro,128 GB,-,,https://www.amazon.com/Lenovo-ThinkPad-Workstation-i7-11800H-Thunderbolt/dp/B0BRP275CT/
"Lenovo ThinkPad P15 Gen 1 Workstation Laptop (Intel i9-10885H 8-Core, 128GB RAM, 4TB PCIe SSD, RTX 3000, 15.6"" 4K Ultra HD (3840x2160) IPS, Backlit KB, FP Reader, WiFi 6, BT, Webcam, Win11Pro) w/Hub",Lenovo,B09KX4DW78,https://m.media-amazon.com/images/I/61IfukwvifL._AC_UY218_.jpg,"$4,799.99 ",,15.6 inches,Windows 10 Pro,128.0 GB,-,,https://www.amazon.com/Lenovo-ThinkPad-Workstation-i9-10885H-3840x2160/dp/B09KX4DW78/
"Lenovo ThinkPad P15 Workstation FHD & IPS Laptop (Intel i7-10750H 6-Core, 128GB RAM, 8TB PCIe SSD, Quadro T1000, 15.6"", (1920x1080), FP Reader, WiFi 6, Bluetooth, Backlit KB, Webcam, Win11P) w/Hub…",Lenovo,B09KS8KDX6,https://m.media-amazon.com/images/I/61qJY3FgDiL._AC_UY218_.jpg,"$4,799.99 ",,15.6 inches,P:Windows 11 Pro,128 GB,-,,https://www.amazon.com/Lenovo-Workstation-i7-10750H-1920x1080-Bluetooth/dp/B09KS8KDX6/
"Lenovo ThinkPad P15 Workstation FHD & IPS Laptop (Intel i7-10750H 6-Core, 128GB RAM, 8TB PCIe SSD, Quadro T1000, 15.6"", (1920x1080), FP Reader, WiFi 6, Bluetooth, Backlit KB, Webcam, Win10P) w/Hub…",Lenovo,B09JX2RVTQ,https://m.media-amazon.com/images/I/61qJY3FgDiL._AC_UY218_.jpg,"$4,799.99 ",,15.6 inches,Windows 10 Pro,128 GB,-,,https://www.amazon.com/Lenovo-Workstation-i7-10750H-1920x1080-Bluetooth/dp/B09JX2RVTQ/
"Lenovo ThinkPad P15 Gen 1 Workstation Laptop (Intel i9-10885H 8-Core, 128GB RAM, 4TB PCIe SSD, RTX 3000, 15.6"" 4K Ultra HD (3840x2160) IPS, Backlit KB, FP Reader, WiFi 6, BT, Webcam, Win10Pro) w/Hub",Lenovo,B09HSW7PT6,https://m.media-amazon.com/images/I/61IfukwvifL._AC_UY218_.jpg,"$4,799.99 ",,15.6 inches,Windows 10 Pro,128.0 GB,4 TB,,https://www.amazon.com/Lenovo-ThinkPad-Workstation-i9-10885H-3840x2160/dp/B09HSW7PT6/
"Lenovo ThinkPad P16 Gen 3 Intel Core Ultra 9 275HX, 24C, 16"" WQUXGA (3840 x 2400) Non-Touch, 800 nits, 128GB RAM, 4TB SSD, NVIDIA RTX PRO 4000 Blackwell, Backlit KYB, Windows Pro",Lenovo,B0GN3XZ89B,https://m.media-amazon.com/images/I/41e6L6ZjVaL._AC_UY218_.jpg,"$4,799.00 ",,16 inches,Windows 11 Pro,-,4 TB,,https://www.amazon.com/Lenovo-ThinkPad-Non-Touch-Blackwell-Backlit/dp/B0GN3XZ89B/
"ASUS ROG Strix G18 Gaming Laptop (2025), NVIDIA RTX 5080 16GB GDDR7, Intel Ultra 9 275HX, 2.5K 240Hz Premium Rog Nebula Display, WiFi 7, 64 GB DDR5 RAM, 4 TB SSD, Windows 11 Pro & Office License",ASUS,B0F6V6G2G9,https://m.media-amazon.com/images/I/71WHWKTdW8L._AC_UY218_.jpg,"$4,799.00 ",,18 inches,Windows 11 Pro,-,4 TB,,https://www.amazon.com/ASUS-Premium-Display-Windows-License/dp/B0F6V6G2G9/
"NewLenovo ThinkPad P16 Gen 2 Mobile Workstation (16"" FHD+ IPS, Core i9-13980HX 24 Core, 128GB DDR5 RAM 8TB SSD, NVIDI.A RTX 2000 Ada 8GB) Laptop for Engineer, Designer, Architect, w/USB HUB Win 11 Pro",NewLenovo,B0G6YQZS94,https://m.media-amazon.com/images/I/71KazYKN0QL._AC_UY218_.jpg,"$4,799.00 ",,16 inches,Windows 11 Pro,-,8 TB,,https://www.amazon.com/NewLenovo-ThinkPad-Workstation-i9-13980HX-Architect/dp/B0G6YQZS94/
Lenovo Laptop,Lenovo,B0FLXML7ZD,https://m.media-amazon.com/images/I/71A1otIvejL._AC_UY218_.jpg,"$4,799.00 ",,14 inches,Windows 11 Pro,-,8 TB,,https://www.amazon.com/Lenovo-Laptop/dp/B0FLXML7ZD/
"Alienware 18 Area-51 Gaming Laptop, NVIDIA RTX 5080 16GB GDDR7, Intel Ultra 9 275HX, 18"" QHD+ 300Hz 3ms 500Nits, 4K Camera, 64 GB DDR5, 2 TB SSD, WiFi 7, BT 5.4, Windows 11 Pro, Office Pro Lifetime",Alienware,B0F945QYVF,https://m.media-amazon.com/images/I/61uVuQUBUvL._AC_UY218_.jpg,"$4,798.88 ",,18 inches,Windows 11 Pro,-,2 TB,,https://www.amazon.com/Alienware-Area-51-500Nits-Windows-Lifetime/dp/B0F945QYVF/
"HP OMEN 16.1"" 144Hz FHD IPS Gaming Laptop (AMD Ryzen 7 5800H 8-Core 3.2GHz, 64GB RAM, 8TB PCIe SSD, GeForce RTX 3050 Ti 4GB, RGB KYB, WiFi 6, BT 5.2, RJ-45, HD Webcam, Win10H) w/Dockztorm Dock",HP,B09NHPD5MG,https://m.media-amazon.com/images/I/71OERvF83AL._AC_UY218_.jpg,"$4,759.99 ",,16.10 inches,Windows 10 Home,64 GB,8 TB,,https://www.amazon.com/HP-Gaming-Laptop-GeForce-Dockztorm/dp/B09NHPD5MG/
"ME2 MichaelElectronics2 Acer Predator Helios 18 AI AI Gaming Laptop 18"" WQXGA (Intel Ultra 9-275HX, GeForce RTX 5080 16GB, 64GB DDR5, 4TB PCIe SSD, Win 11 Pro)",ME2,B0G4SKYKY8,https://m.media-amazon.com/images/I/719ifmKtV9L._AC_UY218_.jpg,"$4,751.24 ",,18 inches,Windows 11 Pro,64 GB,0 GB,,https://www.amazon.com/ME2-MichaelElectronics2-Predator-9-275HX-GeForce/dp/B0G4SKYKY8/
"EXCaliberPC (2025 MSI Release) Vector 16 HX AI RTX 5080 Flex Edition (Intel Core Ultra 9 275HX, 96GB DDR5 RAM, 8TB NVMe SSD, NVIDIA GeForce RTX 5080, 16"" QHD+ 240Hz, Windows 11) Gaming Laptop",EXCaliberPC,B0FCRJT1PW,https://m.media-amazon.com/images/I/615ftWncqEL._AC_UY218_.jpg,"$4,745.00 ",,16 inches,Windows 11 Home,96 GB,8 TB,,https://www.amazon.com/EXCaliberPC-MSI-Vector-RTX-5080/dp/B0FCRJT1PW/
"Alienware 16 Area-51 AA16250 AI Gaming Laptop 16.0"" 240Hz IPS WQXGA Display (Intel Ultra 9-275HX, GeForce RTX 5080 16GB, 32GB DDR5, 8TB PCIe SSD, RGB KB, 2 Thunderbolt 5, WiFi 7, Win 11 Pro)",Alienware,B0GQCWHWV5,https://m.media-amazon.com/images/I/71oazk9-r5L._AC_UY218_.jpg,"$4,721.99 ",,16 inches,Windows 11 Pro,32 GB,8 TB,,https://www.amazon.com/Alienware-Area-51-AA16250-Display-Thunderbolt/dp/B0GQCWHWV5/
"Lenovo Legion Pro 7i AI Gaming Laptop, 16"" WQXGA OLED 240Hz, Intel Ultra 9 275HX, GeForce RTX 5090 24GB, 64GB DDR5, 5TB Storage (4TB SSD+1TB Docking Station), Backlit Keyboard, Wi-Fi 7, Win 11, Black",Lenovo,B0GKMP5HB9,https://m.media-amazon.com/images/I/81jfXEXFUHL._AC_UY218_.jpg,"$4,720.00 ",,16 inches,Windows 11 Home,64 GB,4 TB,,https://www.amazon.com/Lenovo-Legion-Pro-7i-Keyboard/dp/B0GKMP5HB9/
"MSI Vector AI Gaming Laptop 16.0"" 240Hz WQXGA Display (Intel Ultra 9-275HX, GeForce RTX 5070 Ti 12GB, 32GB DDR5, 8TB PCIe SSD, RGB KB, 2 Thunderbolt 4, WiFi 7, Webcam, Win 11 Pro) w/USB-C Dock",MSI,B0F7GL3663,https://m.media-amazon.com/images/I/71-D46QqKjL._AC_UY218_.jpg,"$4,714.99 ",,16.00 inches,Windows 11 Pro,32 GB,8 TB,,https://www.amazon.com/MSI-Display-9-275HX-GeForce-Thunderbolt/dp/B0F7GL3663/
"ASUS ROG Strix G18 2025 Gaming Laptop, NVIDIA RTX 5080 16GB GDDR7, 18"" 2.5K 240Hz 3ms ROG Nebula Display, Intel Ultra 9 275HX 24-Core 5.4GHz, 64 GB DDR5, 8 TB SSD, Wi-Fi 7, Win11 Pro, w/Accessories",ASUS,B0FH6XXT9T,https://m.media-amazon.com/images/I/71Qf8Yv9UFL._AC_UY218_.jpg,"$4,699.99 ",4.2,18 inches,Windows 11 Pro,-,8 TB,272,https://www.amazon.com/ASUS-Gaming-Display-24-Core-Accessories/dp/B0FH6XXT9T/
"ASUS ROG Strix G18 2025 Gaming Laptop, NVIDIA RTX 5080 16GB GDDR7, 18"" 2.5K 240Hz 3ms Display, Intel Ultra 9 275HX (Up to 5.4GHz), 64 GB DDR5, 8 TB SSD, Wi-Fi 7, Backlit KB, Win11 Pro, w/Accessories",ASUS,B0FH6TF7BD,https://m.media-amazon.com/images/I/710Sl0LhNkL._AC_UY218_.jpg,"$4,699.99 ",4.2,18 inches,Windows 11 Pro,-,8 TB,216,https://www.amazon.com/ASUS-Gaming-Display-Backlit-Accessories/dp/B0FH6TF7BD/
"Alienware 16 Area-51 Gaming Laptop, 16"" QHD+ 300Hz Display, Intel Ultra 9 275HX, NVIDIA RTX 5080 16GB GDDR7, 64 GB DDR5, 8 TB SSD, Wi-Fi 7, Backlit KB, Bluetooth 5.4, Windows 11 Pro, Accessory Kit",Alienware,B0FJRPJMG7,https://m.media-amazon.com/images/I/71-bmGEiWIL._AC_UY218_.jpg,"$4,699.99 ",4.1,16 inches,Windows 11 Pro,-,8 TB,82,https://www.amazon.com/Alienware-16-Area-51-Gaming-Laptop/dp/B0FJRPJMG7/
"Lenovo Legion Pro 7i Gen 10 16"" Gaming Laptop | 2.5K 240Hz OLED, Intel Ultra 9 275HX, RTX 5080, Win 11 Pro w/Office Lifetime & Bundle, Per-Key RGB Backlit, Wi-Fi 7(32GB RAM | 2TB SSD)",Lenovo,B0FDFTPRD2,https://m.media-amazon.com/images/I/81n1GbZvTKL._AC_UY218_.jpg,"$4,699.99 ",,16 inches,Windows 11 Pro,-,2 TB,,https://www.amazon.com/Lenovo-Legion-Gaming-Lifetime-Backlit/dp/B0FDFTPRD2/
"Lenovo ThinkPad P15 Workstation Laptop (Intel i9-10885H 8-Core, 64GB RAM, 8TB PCIe SSD, Quadro T2000, 15.6"" Full HD (1920x1080), Fingerprint, WiFi, Bluetooth, Webcam, Win 11 Pro) with Hub",Lenovo,B09KSBW934,https://m.media-amazon.com/images/I/517g4Xzh+rL._AC_UY218_.jpg,"$4,699.99 ",,15.6 inches,Windows 11 Pro,64 GB,-,,https://www.amazon.com/Lenovo-Workstation-i9-10885H-1920x1080-Fingerprint/dp/B09KSBW934/
"Lenovo ThinkPad P15 Workstation Laptop (Intel i9-10885H 8-Core, 64GB RAM, 8TB PCIe SSD, Quadro T2000, 15.6"" Full HD (1920x1080), Fingerprint, WiFi, Bluetooth, Webcam, Win 10 Pro) with Hub",Lenovo,B09KKMFTPR,https://m.media-amazon.com/images/I/517g4Xzh+rL._AC_UY218_.jpg,"$4,699.99 ",,15.6 inches,Windows 10 Pro,64 GB,-,,https://www.amazon.com/Lenovo-Workstation-i9-10885H-1920x1080-Fingerprint/dp/B09KKMFTPR/
"Lenovo ThinkPad T1g Gen 8 21TD0010US 16"" Notebook - WQUXGA - 60 Hz - Intel Core Ultra 7 2nd Gen 255H - Intel Evo Platform - 32 GB - 1 TB SSD - English Keyboard - Black",Lenovo,B0GJZNK5GZ,https://m.media-amazon.com/images/I/61aZgvJKwKL._AC_UY218_.jpg,"$4,699.81 ",,16 inches,Windows 11 Pro,32 GB,1 TB,,https://www.amazon.com/Lenovo-ThinkPad-T1g-21TD0010US-Notebook/dp/B0GJZNK5GZ/
"msi Raider AI Gaming Laptop 18"" 120Hz Mini LED 4K Display (Intel Ultra 9-285HX, GeForce RTX 5090 24GB, 64GB DDR5, 2TB SSD, RGB KB, Fingerprint, 2 Thunderbolt 5, WiFi 7, Win 11 Pro) (Renewed)",msi,B0GJT858HW,https://m.media-amazon.com/images/I/61GBcq7s5EL._AC_UY218_.jpg,"$4,689.99 ",,18 inches,Windows 11 Pro,64 GB,2 TB,,https://www.amazon.com/msi-Display-9-285HX-Fingerprint-Thunderbolt/dp/B0GJT858HW/
"Alienware 16 Area-51 AA16250 AI Gaming Laptop 16.0"" 240Hz IPS WQXGA Display (Intel Ultra 9-275HX, GeForce RTX 5080 16GB, 32GB DDR5, 8TB PCIe SSD, RGB KB, 2 Thunderbolt 5, WiFi 7, Win 11 Home)",Alienware,B0GQCWX7TY,https://m.media-amazon.com/images/I/71oazk9-r5L._AC_UY218_.jpg,"$4,689.99 ",,16 inches,Windows 11 Home,32 GB,8 TB,,https://www.amazon.com/Alienware-Area-51-AA16250-Display-Thunderbolt/dp/B0GQCWX7TY/
"Apple 2025 MacBook Air 15-inch Laptop with M4 chip: Built for Apple Intelligence, 15.3-inch Liquid Retina Display, 16GB Unified Memory, 256GB SSD Storage, 12MP Center Stage Camera, Touch ID; Midnight",Apple,B0DZDBDCFH,https://m.media-amazon.com/images/I/71Ej6sIsNaL._AC_UY218_.jpg,$999.97 ,4.8,15.3 inches,Mac OS,16 GB,256 GB,2600,https://www.amazon.com/dp/B0DZDBDCFH/
"acer Aspire 14 Laptop Computer, Intel Core Ultra 7 258V, 32GB LPDDR5X, 1TB SSD, 500GB External HDD, 14"" WUXGA IPS Touchscreen, AI Copilot+ PC, WiFi 6E, Backlit Keyboard, Windows 11 Home, Slate",acer,B0GQ8KFBWP,https://m.media-amazon.com/images/I/81na95-nz8L._AC_UY218_.jpg,$899.99 ,4.8,14.00 inches,Windows 11,32 GB,1 TB,13,https://www.amazon.com/dp/B0GQ8KFBWP/
"Apple 2026 MacBook Neo 13-inch Laptop with A18 Pro chip: Built for AI and Apple Intelligence, Liquid Retina Display, 8GB Unified Memory, 256GB SSD Storage, 1080p FaceTime HD Camera; Blush",Apple,B0GR6KJ72L,https://m.media-amazon.com/images/I/61MxIxzYvUL._AC_UY218_.jpg,$599.00 ,4.8,13 inches,Mac OS,8 GB,256 GB,107,https://www.amazon.com/dp/B0GR6KJ72L/
"Apple 2026 MacBook Neo 13-inch Laptop with A18 Pro chip: Built for AI and Apple Intelligence, Liquid Retina Display, 8GB Unified Memory, 256GB SSD Storage, 1080p FaceTime HD Camera; Blush",Apple,B0GR6KJ72L,https://m.media-amazon.com/images/I/61MxIxzYvUL._AC_UY218_.jpg,$599.00 ,4.8,13 inches,Mac OS,8 GB,256 GB,107,https://www.amazon.com/dp/B0GR6KJ72L/
"Apple 2026 MacBook Neo 13-inch Laptop with A18 Pro chip: Built for AI and Apple Intelligence, Liquid Retina Display, 8GB Unified Memory, 256GB SSD Storage, 1080p FaceTime HD Camera; Blush",Apple,B0GR6KJ72L,https://m.media-amazon.com/images/I/61MxIxzYvUL._AC_UY218_.jpg,$599.00 ,4.8,13 inches,Mac OS,8 GB,256 GB,107,https://www.amazon.com/dp/B0GR6KJ72L/
"Apple 2026 MacBook Neo 13-inch Laptop with A18 Pro chip: Built for AI and Apple Intelligence, Liquid Retina Display, 8GB Unified Memory, 256GB SSD Storage, 1080p FaceTime HD Camera; Blush",Apple,B0GR6KJ72L,https://m.media-amazon.com/images/I/61MxIxzYvUL._AC_UY218_.jpg,$599.00 ,4.8,13 inches,Mac OS,8 GB,256 GB,107,https://www.amazon.com/dp/B0GR6KJ72L/
"Apple 2026 MacBook Neo 13-inch Laptop with A18 Pro chip: Built for AI and Apple Intelligence, Liquid Retina Display, 8GB Unified Memory, 256GB SSD Storage, 1080p FaceTime HD Camera; Blush",Apple,B0GR6KJ72L,https://m.media-amazon.com/images/I/61MxIxzYvUL._AC_UY218_.jpg,$599.00 ,4.8,13 inches,Mac OS,8 GB,256 GB,107,https://www.amazon.com/dp/B0GR6KJ72L/
"Apple 2026 MacBook Neo 13-inch Laptop with A18 Pro chip: Built for AI and Apple Intelligence, Liquid Retina Display, 8GB Unified Memory, 256GB SSD Storage, 1080p FaceTime HD Camera; Blush",Apple,B0GR6KJ72L,https://m.media-amazon.com/images/I/61MxIxzYvUL._AC_UY218_.jpg,$599.00 ,4.8,13 inches,Mac OS,8 GB,256 GB,107,https://www.amazon.com/dp/B0GR6KJ72L/
"Apple 2026 MacBook Neo 13-inch Laptop with A18 Pro chip: Built for AI and Apple Intelligence, Liquid Retina Display, 8GB Unified Memory, 256GB SSD Storage, 1080p FaceTime HD Camera; Blush",Apple,B0GR6KJ72L,https://m.media-amazon.com/images/I/61MxIxzYvUL._AC_UY218_.jpg,$599.00 ,4.8,13 inches,Mac OS,8 GB,256 GB,107,https://www.amazon.com/dp/B0GR6KJ72L/
"Apple 2026 MacBook Neo 13-inch Laptop with A18 Pro chip: Built for AI and Apple Intelligence, Liquid Retina Display, 8GB Unified Memory, 256GB SSD Storage, 1080p FaceTime HD Camera; Blush",Apple,B0GR6KJ72L,https://m.media-amazon.com/images/I/61MxIxzYvUL._AC_UY218_.jpg,$599.00 ,4.8,13 inches,Mac OS,8 GB,256 GB,107,https://www.amazon.com/dp/B0GR6KJ72L/
"Apple 2026 MacBook Neo 13-inch Laptop with A18 Pro chip: Built for AI and Apple Intelligence, Liquid Retina Display, 8GB Unified Memory, 256GB SSD Storage, 1080p FaceTime HD Camera; Blush",Apple,B0GR6KJ72L,https://m.media-amazon.com/images/I/61MxIxzYvUL._AC_UY218_.jpg,$599.00 ,4.8,13 inches,Mac OS,8 GB,256 GB,107,https://www.amazon.com/dp/B0GR6KJ72L/
"Apple 2026 MacBook Neo 13-inch Laptop with A18 Pro chip: Built for AI and Apple Intelligence, Liquid Retina Display, 8GB Unified Memory, 256GB SSD Storage, 1080p FaceTime HD Camera; Blush",Apple,B0GR6KJ72L,https://m.media-amazon.com/images/I/61MxIxzYvUL._AC_UY218_.jpg,$599.00 ,4.8,13 inches,Mac OS,8 GB,256 GB,107,https://www.amazon.com/dp/B0GR6KJ72L/
"Apple 2026 MacBook Neo 13-inch Laptop with A18 Pro chip: Built for AI and Apple Intelligence, Liquid Retina Display, 8GB Unified Memory, 256GB SSD Storage, 1080p FaceTime HD Camera; Silver",Apple,B0GR6F79MT,https://m.media-amazon.com/images/I/61Jgoj4Sc+L._AC_UY218_.jpg,$599.00 ,4.8,13 inches,Mac OS,8 GB,256 GB,107,https://www.amazon.com/dp/B0GR6F79MT/
"Lenovo Laptop Computer, IdeaPad Slim 3 2026, 15.3"" FHD Anti-Glare Display, Intel Core i5-13420H, 8GB DDR5 RAM, 512GB SSD, Copilot AI, Long Battery Life, Lightweight Portability, Office 365, Luna Grey",Lenovo,B0DBZTGRG9,https://m.media-amazon.com/images/I/713lqfBXVSL._AC_UY218_.jpg,$439.98 ,4.6,15.3 inches,Windows 11 Home,8 GB,512 GB,20,https://www.amazon.com/dp/B0DBZTGRG9/
HP 15.6” Ultrabook Laptop • 16GB RAM • 1.1TB Storage (128GB SSD and 1TB Cloud) • Microsoft 365 Included • Intel 13th 4-Cores CPU • Wi-Fi 6 • Win 11 • no Mouse • Sliver,HP,B0GSQ6STKV,https://m.media-amazon.com/images/I/71kNQMBXQsL._AC_UY218_.jpg,$299.97 ,5,15.6 inches,Windows 11,-,128 GB,2,https://www.amazon.com/dp/B0GSQ6STKV/
HP 15.6” Ultrabook Laptop • 16GB RAM • 1.1TB Storage (128GB SSD and 1TB Cloud) • Microsoft 365 Included • Intel 13th 4-Cores CPU • Wi-Fi 6 • Win 11 • no Mouse • Sliver,HP,B0GSQ6STKV,https://m.media-amazon.com/images/I/71kNQMBXQsL._AC_UY218_.jpg,$299.97 ,5,15.6 inches,Windows 11,-,128 GB,2,https://www.amazon.com/dp/B0GSQ6STKV/
HP 15.6” Ultrabook Laptop • 16GB RAM • 1.1TB Storage (128GB SSD and 1TB Cloud) • Microsoft 365 Included • Intel 13th 4-Cores CPU • Wi-Fi 6 • Win 11 • no Mouse • Sliver,HP,B0GSQ6STKV,https://m.media-amazon.com/images/I/71kNQMBXQsL._AC_UY218_.jpg,$299.97 ,5,15.6 inches,Windows 11,-,128 GB,2,https://www.amazon.com/dp/B0GSQ6STKV/
HP 15.6” Ultrabook Laptop • 16GB RAM • 1.1TB Storage (128GB SSD and 1TB Cloud) • Microsoft 365 Included • Intel 13th 4-Cores CPU • Wi-Fi 6 • Win 11 • no Mouse • Sliver,HP,B0GSQ6STKV,https://m.media-amazon.com/images/I/71kNQMBXQsL._AC_UY218_.jpg,$299.97 ,5,15.6 inches,Windows 11,-,128 GB,2,https://www.amazon.com/dp/B0GSQ6STKV/
HP 15.6” Ultrabook Laptop • 16GB RAM • 1.1TB Storage (128GB SSD and 1TB Cloud) • Microsoft 365 Included • Intel 13th 4-Cores CPU • Wi-Fi 6 • Win 11 • no Mouse • Sliver,HP,B0GSQ6STKV,https://m.media-amazon.com/images/I/71kNQMBXQsL._AC_UY218_.jpg,$299.97 ,5,15.6 inches,Windows 11,-,128 GB,2,https://www.amazon.com/dp/B0GSQ6STKV/
HP 15.6” Ultrabook Laptop • 16GB RAM • 1.1TB Storage (128GB SSD and 1TB Cloud) • Microsoft 365 Included • Intel 13th 4-Cores CPU • Wi-Fi 6 • Win 11 • no Mouse • Sliver,HP,B0GSQ6STKV,https://m.media-amazon.com/images/I/71kNQMBXQsL._AC_UY218_.jpg,$299.97 ,5,15.6 inches,Windows 11,-,128 GB,2,https://www.amazon.com/dp/B0GSQ6STKV/
HP 15.6” Ultrabook Laptop • 16GB RAM • 1.1TB Storage (128GB SSD and 1TB Cloud) • Microsoft 365 Included • Intel 13th 4-Cores CPU • Wi-Fi 6 • Win 11 • no Mouse • Sliver,HP,B0GSQ6STKV,https://m.media-amazon.com/images/I/71kNQMBXQsL._AC_UY218_.jpg,$299.97 ,5,15.6 inches,Windows 11,-,128 GB,2,https://www.amazon.com/dp/B0GSQ6STKV/
HP 15.6” Ultrabook Laptop • 16GB RAM • 1.1TB Storage (128GB SSD and 1TB Cloud) • Microsoft 365 Included • Intel 13th 4-Cores CPU • Wi-Fi 6 • Win 11 • no Mouse • Sliver,HP,B0GSQ6STKV,https://m.media-amazon.com/images/I/71kNQMBXQsL._AC_UY218_.jpg,$299.97 ,5,15.6 inches,Windows 11,-,128 GB,2,https://www.amazon.com/dp/B0GSQ6STKV/
"ASUS 2025 Laptop | Vivobook 15 | 15.6"" 1920x1080 Touch IPS | Intel-10 Core i7-1355U | 16GB DDR4 | 1TB SSD | Windows 11 Pro | Wi-Fi 6 - BT 5.2 - Backlit KB - 720p HD Camera - Cool Silver (Renewed)",ASUS,B0G769JZSV,https://m.media-amazon.com/images/I/418Qx8j-sOL._AC_UY218_.jpg,,,15.6 inches,Windows 11 Pro,16 GB,1 TB,,https://www.amazon.com/ASUS-Vivobook-1920x1080-Intel-10-i7-1355U/dp/B0G769JZSV/
"MSI Titan 18 HX AI 18"" 120Hz MiniLED UHD+ Gaming Laptop: Intel Ultra 9-285HX, NVIDIA Geforce RTX 5090, 96GB DDR5, 6TB NVMe SSD, Thunderbolt 5, Wi-Fi 7, Win 11 Pro: Black A2XWJG-016US",MSI,B0DTLVCWLV,https://m.media-amazon.com/images/I/71MMe+kOxSL._AC_UY218_.jpg,,4.2,18 inches,Windows 11 Pro,96 GB,6 TB,13,https://www.amazon.com/MSI-Titan-MiniLED-Gaming-Laptop/dp/B0DTLVCWLV/
"Acer Predator Triton 700 PT715-51-732Q Ultra-Thin Gaming Laptop, 15.6” FHD 120Hz G-SYNC, i7-7700HQ, Overclockable GeForce GTX 1080 8GB MAX-Q Design, 32GB DDR4, 512GB SSD (256GBx2), RGB Mech KB",Acer,B0756TR51D,https://m.media-amazon.com/images/I/81s822PQUcL._AC_UY218_.jpg,,3.5,15.6 inches,Windows 10 Home,32 GB,512 GB,30,https://www.amazon.com/Acer-PT715-51-732Q-Ultra-Thin-i7-7700HQ-Overclockable/dp/B0756TR51D/
"acer Predator Helios Neo 16S AI Gaming Laptop - Intel Ultra 9 275HX, NVIDIA RTX 5070Ti, 16"" 2.5K WQXGA 240Hz 2ms OLED Display, RGB Backlit KB, Win 11 Pro, w/Redragon Bundle (64 GB DDR5, 4 TB SSD)",acer,B0G2S511YD,https://m.media-amazon.com/images/I/719MfutlMdL._AC_UY218_.jpg,,,16 inches,Windows 11 Pro,-,4 TB,,https://www.amazon.com/acer-Predator-Helios-Gaming-Laptop/dp/B0G2S511YD/
"Titan 18 HX Dragon Edition Norse Myth 18"" 120Hz MiniLED UHD+ Gaming Laptop: Intel Ultra 9-285HX, NVIDIA Geforce RTX 5090, 96GB DDR5, 6TB SSD, Thunderbolt 5, Wi-Fi 7, Win 11 Pro: Black A2XWJG-440US",Titan,B0DYS7Q7RN,https://m.media-amazon.com/images/I/81Hhaje1UzL._AC_UY218_.jpg,,,18 inches,Windows 11 Pro,96 GB,6 TB,,https://www.amazon.com/Titan-Dragon-MiniLED-Gaming-Laptop/dp/B0DYS7Q7RN/
"ASUS ProArt StudioBook Pro X Mobile Workstation Laptop, 17” FHD Narrow Bezel, Intel Xeon E-2276M, 64GB ECC DDR4, 4TB PCIe SSD, Nvidia Quadro RTX 5000, Windows 10 Pro, W730G5T-XH99, Star Grey",ASUS,B085G94CKV,https://m.media-amazon.com/images/I/712WmDqYNdL._AC_UY218_.jpg,,4.4,17 inches,Windows 10 Pro,64 GB,4 TB,5,https://www.amazon.com/ASUS-StudioBook-Workstation-Windows-W730G5T-XH99/dp/B085G94CKV/
"ASUS ROG Strix Scar AI Gaming Laptop 18"" 240Hz Mini LED WQXGA Display (Intel Ultra 9-275HX, GeForce RTX 5090 24GB, 32GB DDR5, Win 11 Pro) w/MS 365 Personal, DKZ USB Port Expander",ASUS,B0FCG18HCX,https://m.media-amazon.com/images/I/71lwZswOu9L._AC_UY218_.jpg,,,18.00 inches,Windows 11 Pro,32 GB,16 TB,,https://www.amazon.com/ASUS-Display-9-275HX-Personal-Expander/dp/B0FCG18HCX/
"Lenovo 2022 ThinkPad P17 Gen 2 17.3"" 60Hz FHD IPS Workstation Laptop (Intel i7-11800H 8-Core, 16GB RAM, 2x4TB PCIe SSD RAID 0 (8TB), RTX A2000, Backlit KYB, FP, WiFi6, HD Webcam, Win11Pro) w/Hub",Lenovo,B0BBLBLVRT,https://m.media-amazon.com/images/I/71MVGJmMDzL._AC_UY218_.jpg,,,17.3 inches,Windows 11 Pro,16 GB,-,,https://www.amazon.com/Lenovo-ThinkPad-Workstation-i7-11800H-Win11Pro/dp/B0BBLBLVRT/
"ASUS ROG Strix Scar AI Gaming Laptop 18"" 240Hz Mini LED WQXGA Display (Intel Ultra 9-275HX, GeForce RTX 5090 24GB, 64GB DDR5, 8TB PCIe SSD, RGB KB, 2 Thunderbolt 5, Win 11 Pro) w/USB-C Dock",ASUS,B0FCM4Y56B,https://m.media-amazon.com/images/I/61X4XG7wuDL._AC_UY218_.jpg,,,18.00 inches,Windows 11 Pro,64 GB,8 TB,,https://www.amazon.com/ASUS-Display-9-275HX-GeForce-Thunderbolt/dp/B0FCM4Y56B/
"ASUS ROG Strix Scar AI Gaming Laptop 18"" 240Hz Mini LED WQXGA Display (Intel Ultra 9-275HX, GeForce RTX 5080 16GB, 64GB DDR5, 2x8TB PCIe SSD (16TB), RGB KB, Win 11 Pro) w/USB-C Dock",ASUS,B0FCM67LHD,https://m.media-amazon.com/images/I/81vqKqm7+-L._AC_UY218_.jpg,,,18.00 inches,Windows 11 Pro,64 GB,16 TB,,https://www.amazon.com/ASUS-Gaming-Display-9-275HX-GeForce/dp/B0FCM67LHD/
"ASUS ROG Strix Scar AI Gaming Laptop 18"" 240Hz Mini LED WQXGA Display (Intel Ultra 9-275HX, GeForce RTX 5090 24GB, 32GB DDR5, Win 11 Pro) w/MS 365 Personal, DKZ USB Port Expander",ASUS,B0FCFW66LN,https://m.media-amazon.com/images/I/71lwZswOu9L._AC_UY218_.jpg,,,18.00 inches,Windows 11 Pro,32 GB,8 TB,,https://www.amazon.com/ASUS-Display-9-275HX-Personal-Expander/dp/B0FCFW66LN/
"Lenovo Legion Pro 7 16IAX10H 83F5001RUS 16"" Gaming Notebook - WQXGA - Intel Core Ultra 9 275HX - 64 GB - 2 TB SSD - English Keyboard - Eclipse Black",Lenovo,B0FLJRLXRK,https://m.media-amazon.com/images/I/71WwI16uhrL._AC_UY218_.jpg,,,16 inches,Windows 11 Pro,64 GB,2 TB,,https://www.amazon.com/Lenovo-Legion-16IAX10H-83F5001RUS-Notebook/dp/B0FLJRLXRK/
"ASUS ROG Strix Scar AI Gaming Laptop 18"" 240Hz Mini LED WQXGA Display (Intel Ultra 9-275HX, GeForce RTX 5080 16GB, 64GB DDR5, Win 11 Pro) w/MS 365 Personal, DKZ USB Port Expander",ASUS,B0FCFW1C7Q,https://m.media-amazon.com/images/I/61NL9vo2y3L._AC_UY218_.jpg,,,18.00 inches,Windows 11 Pro,64 GB,8 TB,,https://www.amazon.com/ASUS-Display-9-275HX-Personal-Expander/dp/B0FCFW1C7Q/
"Lenovo ThinkPad P16v Gen 2 21KX002FUS 16"" Mobile Workstation - WQUXGA - Intel Core Ultra 7 165H - vPro Technology - 64 GB - 2 TB SSD - English Keyboard - Black - Intel Chip - 3840 x 2400 - Windows 11",Lenovo,B0FDPTRDK8,https://m.media-amazon.com/images/I/41qtDcF1JBL._AC_UY218_.jpg,,,16 inches,Windows 11 Pro,64 GB,2 TB,,https://www.amazon.com/Lenovo-ThinkPad-21KX002FUS-Mobile-Workstation/dp/B0FDPTRDK8/
"Lenovo Legion Pro High-Performance i9 Gaming Laptop, 16"" WQXGA 240Hz, Intel Core i9-14900HX, NVIDIA GeForce RTX 4090, 64GB DDR5 RAM, 4TB SSD, HDMI, RGB Backlit KB, Webcam, Wi-Fi 6, Win 11 Pro",Lenovo,B0D2PJ179T,https://m.media-amazon.com/images/I/71lqSQ4FHTL._AC_UY218_.jpg,,4.8,16 inches,Windows 11 Pro,64 GB,4 TB,8,https://www.amazon.com/Lenovo-Legion-High-Performance-i9-14900HX-GeForce/dp/B0D2PJ179T/
"Alienware 18-inch Area-51 Gaming Laptop - GeForce RTX 5080 16GB GDDR7 • 18"" QHD+ 300Hz • intel Ultra 9 275HX • AlienFX RGB lighting • Wi-Fi 7 • Ai NPU • Quad Fan Cooling, Win 11PRO(64GB DDR5, 8TB SSD)",Alienware,B0F8QQLN1F,https://m.media-amazon.com/images/I/71MLg-QaSfL._AC_UY218_.jpg,,,18 inches,Windows 11 Pro,-,8 TB,,https://www.amazon.com/Alienware-18-inch-Area-51-Gaming-Laptop/dp/B0F8QQLN1F/
"msi Raider 18 HX 18” 120Hz UHD+ Gaming Laptop: Intel Core i9-14900HX, NVIDIA Geforce RTX 4090, 64GB DDR5, 2TB NVMe SSD, Cooler Boost 5, Win 11 Pro: Black A14VIG-255US",msi,B0D38JKDDF,https://m.media-amazon.com/images/I/71E0RStmUeL._AC_UY218_.jpg,,2.3,18 inches,Windows 11 Pro,64 GB,2 TB,3,https://www.amazon.com/MSI-Raider-120Hz-Gaming-Laptop/dp/B0D38JKDDF/
"msi Raider 18 HX 18” 120Hz UHD+ Gaming Laptop: Intel Core i9-14900HX, NVIDIA Geforce RTX 4090, 64GB DDR5, 2TB NVMe SSD, Cooler Boost 5, Win 11 Pro: Black A14VIG-255US",msi,B0D38JKDDF,https://m.media-amazon.com/images/I/71E0RStmUeL._AC_UY218_.jpg,,2.3,18 inches,Windows 11 Pro,64 GB,2 TB,3,https://www.amazon.com/MSI-Raider-120Hz-Gaming-Laptop/dp/B0D38JKDDF/
"Alienware 18 Area 51 Gaming Laptop - NVIDIA RTX 5080 16GB GDDR7, Intel Ultra 9 275HX Up to 5.4GHz, 18"" WQXGA 300Hz, Backlit KB, 4K Camera, WiFi 7, Win 11 Pro (64GB DDR5 | 8TB SSD)",Alienware,B0FD9V51X8,https://m.media-amazon.com/images/I/71613U1kb7L._AC_UY218_.jpg,,,,,-,8 TB,,https://www.amazon.com/Alienware-18-Area-Gaming-Laptop/dp/B0FD9V51X8/
"ASUS ROG Strix AI Gaming Laptop 16.0"" 240Hz Mini LED WQXGA Display (Intel Ultra 9-275HX, GeForce RTX 5080 16GB, 64GB DDR5, 8TB PCIe SSD, RGB KB, 2 Thunderbolt 5, WiFi 7, Win 11 Pro) w/USB-C Dock",ASUS,B0FP9SFYQP,https://m.media-amazon.com/images/I/617MoFTua+L._AC_UY218_.jpg,,,16 inches,Windows 11 Pro,64 GB,8 TB,,https://www.amazon.com/ASUS-Display-9-275HX-GeForce-Thunderbolt/dp/B0FP9SFYQP/
"ASUS ROG Strix Scar AI Gaming Laptop 18"" 240Hz Mini LED WQXGA Display (Intel Ultra 9-275HX, GeForce RTX 5080 16GB, 32GB DDR5, 8TB PCIe SSD, RGB KB, 2 Thunderbolt 5, Win 11 Pro) w/USB-C Dock",ASUS,B0FCM6SK3L,https://m.media-amazon.com/images/I/81vqKqm7+-L._AC_UY218_.jpg,,,18.00 inches,Windows 11 Pro,32 GB,8 TB,,https://www.amazon.com/ASUS-Display-9-275HX-GeForce-Thunderbolt/dp/B0FCM6SK3L/
"ROG Zephyrus S GX701 Gaming Laptop, 17.3” HDR 144Hz FHD IPS, GeForce RTX 2080, Intel Core i7-9750H Processor, 32GB DDR4, 1TB PCIe NVMe SSD Hyper Drive, Windows 10 Pro, GX701GX-XB78",ROG,B07QSJ6VWQ,https://m.media-amazon.com/images/I/71VgyNvXPgL._AC_UY218_.jpg,,4,17.3 inches,Windows 10 Pro,32 GB,1 TB,145,https://www.amazon.com/Zephyrus-GeForce-i7-9750H-Processor-GX701GX-XB78/dp/B07QSJ6VWQ/
"Razer Blade 16 Gaming Laptop: NVIDIA GeForce RTX 4080 - Intel Core i9-14900HX 14th Gen CPU - 16"" OLED QHD+ 240Hz Display - 32GB RAM - 1TB SSD - Windows 11 - Chroma RGB - Snap Tap",Razer,B0CPP9V5WN,https://m.media-amazon.com/images/I/81sX1nwD+fL._AC_UY218_.jpg,,3.9,16 inches,Windows 11,32 GB,1 TB,25,https://www.amazon.com/Razer-Blade-Gaming-Laptop-i9-14900HX/dp/B0CPP9V5WN/
"ASUS ROG Strix AI Gaming Laptop 16.0"" 240Hz Mini LED WQXGA Display (Intel Ultra 9-275HX, GeForce RTX 5080 16GB, 64GB DDR5, 8TB PCIe SSD, Win 11 Pro) w/MS 365 Personal, DKZ USB Port Expander",ASUS,B0FPYS5WP9,https://m.media-amazon.com/images/I/61mMncGkPTL._AC_UY218_.jpg,,,16 inches,Windows 11 Pro,64 GB,8 TB,,https://www.amazon.com/ASUS-Display-9-275HX-Personal-Expander/dp/B0FPYS5WP9/
"Alienware 16 Area-51 AI Gaming Laptop 16.0"" 240Hz WQXGA (2560x1600) (Intel Ultra 9-275HX, GeForce RTX 5090 24GB, 64GB DDR5, 8TB SSD, RGB KB, 2 Thunderbolt 5, Wi-Fi 7, Win11P) w/DKZ USB Port Expander",Alienware,B0FY3MCF5P,https://m.media-amazon.com/images/I/71BOr547voL._AC_UY218_.jpg,,,16 inches,Windows 11 Pro,64 GB,8 TB,,https://www.amazon.com/Alienware-Area-51-2560x1600-Thunderbolt-Expander/dp/B0FY3MCF5P/
"DORLAND Ex NB10S Industrial Intrinsically Safe Notebook IP65 Rugged Explosion-Proof Laptop Computer 15.6"" FHD Screen, Windows11 OS, 12th Gen Intel i5/i7, 16GB RAM+256GB ROM, Dual-Battery 7500+2500mAh",DORLAND,B0CTH6QB45,https://m.media-amazon.com/images/I/71MhqviLf2L._AC_UY218_.jpg,,,15.6 inches,Windows 11,8.0 GB,256 GB,,https://www.amazon.com/DORLAND-NB10S-Explosion-Proof-Intrinsically-Notebook/dp/B0CTH6QB45/
"Alienware 18 Area 51 Gaming Laptop - NVIDIA RTX 5080 16GB GDDR7, Intel Ultra 9 275HX Up to 5.4GHz, 18"" WQXGA 300Hz, Backlit KB, 4K Camera, WiFi 7, Win 11 Pro (64GB DDR5 | 4TB SSD)",Alienware,B0FD9WWX6T,https://m.media-amazon.com/images/I/71613U1kb7L._AC_UY218_.jpg,,,,,-,4 TB,,https://www.amazon.com/Alienware-18-Area-Gaming-Laptop/dp/B0FD9WWX6T/
"ASUS ROG Strix Scar 17 Gaming Laptop, 300Hz 17.3"" FHD 3ms IPS, Intel Core i9-10980HK CPU, NVIDIA GeForce RTX 2080 Super, 32GB DDR4, 2TB RAID 0 SSD, Per-Key RGB, Wi-Fi 6, Windows 10 Pro, G732LXS-XS99",ASUS,B086X5F48D,https://m.media-amazon.com/images/I/81oSb5NtenL._AC_UY218_.jpg,,3.7,17.3 inches,Windows 10 Pro,32 GB,2 TB,22,https://www.amazon.com/ASUS-Gaming-GeForce-i9-10980HK-G732LXS-XS99/dp/B086X5F48D/
"MSI GE75 Raider 10SGS-222 17.3"" 300Hz 3ms Gaming Laptop Intel Core i9-10980HK RTX 2080 Super 32GB 1TB NVMe SSD Win10 VR Ready",MSI,B0862DKTZ8,https://m.media-amazon.com/images/I/61CmXpdk4FL._AC_UY218_.jpg,,4.3,17.3 inches,Windows 10 Home,32 GB,1 TB,110,https://www.amazon.com/MSI-Raider-10SGS-222-Gaming-i9-10980HK/dp/B0862DKTZ8/
GIGABYTE AORUS Master 18 Gaming Laptop -240Hz 2560x1600 Mini-LED - Manufactured by NVIDIA GeForce RTX 5090 - Intel Core Ultra 9 275HX - 2TB SSD with 64GB DDR5 RAM - Windows 11 Home AD (BZHC6USD45SH),GIGABYTE,B0DYJK9JNG,https://m.media-amazon.com/images/I/71QW247RTnL._AC_UY218_.jpg,,5,18 inches,Windows 11 Home,64 GB,2 TB,1,https://www.amazon.com/GIGABYTE-AORUS-Master-18-Gaming/dp/B0DYJK9JNG/
"ASUS ROG Strix Scar 16 (2025) AI Gaming Laptop, 16"" 2.5K ROG Nebula HDR Mini LED 240Hz Display, Intel Core Ultra 9-275HX, GeForce RTX 5080 16GB, 32GB DDR5, 8TB PCIe SSD, Windows 11 Pro, w/USB Hub",ASUS,B0FP336NVY,https://m.media-amazon.com/images/I/61qrkl-M0jL._AC_UY218_.jpg,,,16 inches,Windows 11 Pro,32 GB,8 TB,,https://www.amazon.com/ASUS-Display-9-275HX-GeForce-Windows/dp/B0FP336NVY/
"Dell Alienware 18 Area 51 Gaming Laptop, Intel Ultra 9-275HX, 64 GB DDR5 RAM, 4 TB PCIe SSD, 18"" QHD+ (2560x1600) 300Hz Display, Nvidia G-Force RTX 5070, Backlit Keyboard, W11 Home, Liquid Teal",Dell,B0FXBDDMJN,https://m.media-amazon.com/images/I/71vJX9VSfhL._AC_UY218_.jpg,,,18 inches,Windows 11 Home,-,4 TB,,https://www.amazon.com/Dell-Alienware-18-Area-2560x1600/dp/B0FXBDDMJN/
"Alienware 16 Area-51 AA16250 AI Gaming Laptop 16.0"" WQXGA (Intel Ultra 9-275HX, GeForce RTX 5090 24GB, 64GB DDR5, 2TB PCIe SSD, Win 11 Pro) w/USB-C Dock",Alienware,B0FY5LV4HV,https://m.media-amazon.com/images/I/71atw9sRkYL._AC_UY218_.jpg,,,16 inches,Windows 11 Pro,-,2000 GB,,https://www.amazon.com/Alienware-Area-51-AA16250-9-275HX-GeForce/dp/B0FY5LV4HV/
"Alienware 18 Area 51 Gaming Laptop - RTX 5080 16GB GDDR7, Intel Ultra 9 275HX (Up to 5.4GHz), 18"" WQXGA 300Hz Display, AlienFX RGB KB, 4K Camera, Win11 Pro(64GB DDR5 RAM | 8TB SSD)",Alienware,B0FD9V5S52,https://m.media-amazon.com/images/I/71gNPN43tfL._AC_UY218_.jpg,,5,18 inches,Windows 11 Pro,-,8 TB,3,https://www.amazon.com/Alienware-18-Area-Gaming-Laptop/dp/B0FD9V5S52/
"ASUS ROG Strix AI Gaming Laptop 16.0"" 240Hz Mini LED WQXGA Display (Intel Ultra 9- 275HX, GeForce RTX 5080 16GB, 64GB DDR5, 4TB PCIe SSD, RGB KB, 2 Thunderbolt 5, WiFi 7, Webcam, Win 11 Pro)",ASUS,B0FP5PQ23J,https://m.media-amazon.com/images/I/61F4WzeYAHL._AC_UY218_.jpg,,,16 inches,Windows 11 Pro,64 GB,0 GB,,https://www.amazon.com/Gaming-Laptop-Display-GeForce-Thunderbolt/dp/B0FP5PQ23J/
"Alienware 16 Area-51 Gaming Laptop PC - Ultra 9 275HX (24-Core - Up to 5.4GHz) - GeForce RTX 5080-16"" QHD+ 240Hz - 64GB DDR5-8TB SSD - Backlit KB - 16GB GDDR7 - Wins 11 Pro - Office License",Alienware,B0F8NPX5G8,https://m.media-amazon.com/images/I/71wiX-hYXXL._AC_UY218_.jpg,,5,16 inches,Windows 11 Pro,-,8 TB,1,https://www.amazon.com/Alienware-16-Area-51-Gaming-Laptop/dp/B0F8NPX5G8/
